1
2
3
4
5
6
7
8
9
10
11
12
13
14
15
16
17
18
19
20
21
22
23
24
25
26
27
28
29
30
31
32
33
34
35
36
37
38
39
40
41
42
43
44
45
46
47
48
49
50
51
52
53
54
55
56
57
58
59
60
61
62
63
64
65
66
67
68
69
70
71
72
73
74
75
76
77
78
79
80
81
82
83
84
85
86
87
88
89
90
91
92
93
94
95
96
97
98
99
100
101
102
103
104
105
106
107
108
109
110
111
112
113
114
115
116
117
118
119
120
121
122
123
124
125
126
127
128
129
130
131
132
133
134
135
136
137
138
139
140
141
142
143
144
145
146
147
148
149
150
151
152
153
154
155
156
157
158
159
160
161
162
163
164
165
166
167
168
169
170
171
172
173
174
175
176
177
178
179
180
181
182
183
184
185
186
187
188
189
190
191
192
193
194
195
196
197
198
199
200
201
202
203
204
205
206
207
208
209
210
211
212
213
214
215
216
217
218
219
220
221
222
223
224
225
226
227
228
229
230
231
232
233
234
235
236
237
238
239
240
241
242
243
244
245
246
247
248
249
250
251
252
253
254
255
256
257
258
259
260
261
262
263
264
265
266
267
268
269
270
271
272
273
274
275
276
277
278
279
280
281
282
283
284
285
286
287
288
289
290
291
292
293
294
295
296
297
298
299
300
301
302
303
304
305
306
307
308
309
310
311
312
313
314
315
316
317
318
319
320
321
322
323
324
325
326
327
328
329
330
331
332
333
334
335
336
337
338
339
340
341
342
343
344
345
346
347
348
349
350
351
352
353
354
355
356
357
358
359
360
361
362
363
364
365
366
367
368
369
370
371
372
373
374
375
376
377
378
379
380
381
382
383
384
385
386
387
388
389
390
391
392
393
394
395
396
397
398
399
400
401
402
403
404
405
406
407
408
409
410
411
412
413
414
415
416
417
418
419
420
421
422
423
424
425
426
427
428
429
430
431
432
433
434
435
436
437
438
439
440
441
442
443
444
445
446
447
448
449
450
451
452
453
454
455
456
457
458
459
460
461
462
463
464
465
466
467
468
469
470
471
472
473
474
475
476
477
478
479
480
481
482
483
484
485
486
487
488
489
490
491
492
493
494
495
496
497
498
499
500
501
502
503
504
505
506
507
508
509
510
511
512
513
514
515
516
517
518
519
520
521
522
523
524
525
526
527
528
529
530
531
532
533
534
535
536
537
538
539
540
541
542
543
544
545
546
547
548
549
550
551
552
553
554
555
556
557
558
559
560
561
562
563
564
565
566
567
568
569
570
571
572
573
574
575
576
577
578
579
580
581
582
583
584
585
586
587
588
589
590
591
592
593
594
595
596
597
598
599
600
601
602
603
604
605
606
607
608
609
610
611
612
613
614
615
616
617
618
619
620
621
622
623
624
625
626
627
628
629
630
631
632
633
634
635
636
637
638
639
640
641
642
643
644
645
646
647
648
649
650
651
652
653
654
655
656
657
658
659
660
661
662
663
664
665
666
667
668
669
670
671
672
673
674
675
676
677
678
679
680
681
682
683
684
685
686
687
688
689
690
691
692
693
694
695
696
697
698
699
700
701
702
703
704
705
706
707
708
709
710
711
712
713
714
715
716
717
718
719
720
721
722
723
724
725
726
727
728
729
730
731
732
733
734
735
736
737
738
739
740
741
742
743
744
745
746
747
748
749
750
751
752
753
754
755
756
757
758
759
760
761
762
763
764
765
766
767
768
769
770
771
772
773
774
775
776
777
778
779
780
781
782
783
784
785
786
787
788
789
790
791
792
793
794
795
796
797
798
799
800
801
802
803
804
805
806
807
808
809
810
811
812
813
814
815
816
817
818
819
820
821
822
823
824
825
826
827
828
829
830
831
832
833
834
835
836
837
838
839
840
841
842
843
844
845
846
847
848
849
850
851
852
853
854
855
856
857
858
859
860
861
862
863
864
865
866
867
868
869
870
871
872
873
874
875
876
877
878
879
880
881
882
883
884
885
886
887
888
889
890
891
892
893
894
895
896
897
898
899
900
901
902
903
904
905
906
907
908
909
910
911
912
913
914
915
916
917
918
919
920
921
922
923
924
925
926
927
928
929
930
931
932
933
934
935
936
937
938
939
940
941
942
943
944
945
946
947
948
949
950
951
952
953
954
955
956
957
958
959
960
961
962
963
964
965
966
967
968
969
970
971
972
973
974
975
976
977
978
979
980
981
982
983
984
985
986
987
988
989
990
991
992
993
994
995
996
997
998
999
1000
1001
1002
1003
1004
1005
1006
1007
1008
1009
1010
1011
1012
1013
1014
1015
1016
1017
1018
1019
1020
1021
1022
1023
1024
1025
1026
1027
1028
1029
1030
1031
1032
1033
1034
1035
1036
1037
1038
1039
1040
1041
1042
1043
1044
1045
1046
1047
1048
1049
1050
1051
1052
1053
1054
1055
1056
1057
1058
1059
1060
1061
1062
1063
1064
1065
1066
1067
1068
1069
1070
1071
1072
1073
1074
1075
1076
1077
1078
1079
1080
1081
1082
1083
1084
1085
1086
1087
1088
1089
1090
1091
1092
1093
1094
1095
1096
1097
1098
1099
1100
1101
1102
1103
1104
1105
1106
1107
1108
1109
1110
1111
1112
1113
1114
1115
1116
1117
1118
1119
1120
1121
1122
1123
1124
1125
1126
1127
1128
1129
1130
1131
1132
1133
1134
1135
1136
1137
1138
1139
1140
1141
1142
1143
1144
1145
1146
1147
1148
1149
1150
1151
1152
1153
1154
1155
1156
1157
1158
1159
1160
1161
1162
1163
1164
1165
1166
1167
1168
1169
1170
1171
1172
1173
1174
1175
1176
1177
1178
1179
1180
1181
1182
1183
1184
1185
1186
1187
1188
1189
1190
1191
1192
1193
1194
1195
1196
1197
1198
1199
1200
1201
1202
1203
1204
1205
1206
1207
1208
1209
1210
1211
1212
1213
1214
1215
1216
1217
1218
1219
1220
1221
1222
1223
1224
1225
1226
1227
1228
1229
1230
1231
1232
1233
1234
1235
1236
1237
1238
1239
1240
1241
1242
1243
1244
1245
1246
1247
1248
1249
1250
1251
1252
1253
1254
1255
1256
1257
1258
1259
1260
1261
1262
1263
1264
1265
1266
1267
1268
1269
1270
1271
1272
1273
1274
1275
1276
1277
1278
1279
1280
1281
1282
1283
1284
1285
1286
1287
1288
1289
1290
1291
1292
1293
1294
1295
1296
1297
1298
1299
1300
1301
1302
1303
1304
1305
1306
1307
1308
1309
1310
1311
1312
1313
1314
1315
1316
1317
1318
1319
1320
1321
1322
1323
1324
1325
1326
1327
1328
1329
1330
1331
1332
1333
1334
1335
1336
1337
1338
1339
1340
1341
1342
1343
1344
1345
1346
1347
1348
1349
1350
1351
1352
1353
1354
1355
1356
1357
1358
1359
1360
1361
1362
1363
1364
1365
1366
1367
1368
1369
1370
1371
1372
1373
1374
1375
1376
1377
1378
1379
1380
1381
1382
1383
1384
1385
1386
1387
1388
1389
1390
1391
1392
1393
1394
1395
1396
1397
1398
1399
1400
1401
1402
1403
1404
1405
1406
1407
1408
1409
1410
1411
1412
1413
1414
1415
1416
1417
1418
1419
1420
1421
1422
1423
1424
1425
1426
1427
1428
1429
1430
1431
1432
1433
1434
1435
1436
1437
1438
1439
1440
1441
1442
1443
1444
1445
1446
1447
1448
1449
1450
1451
1452
1453
1454
1455
1456
1457
1458
1459
1460
1461
1462
1463
1464
1465
1466
1467
1468
1469
1470
1471
1472
1473
1474
1475
1476
1477
1478
1479
1480
1481
1482
1483
1484
1485
1486
1487
1488
1489
1490
1491
1492
1493
1494
1495
1496
1497
1498
1499
1500
1501
1502
1503
1504
1505
1506
1507
1508
1509
1510
1511
1512
1513
1514
1515
1516
1517
1518
1519
1520
1521
1522
1523
1524
1525
1526
1527
1528
1529
1530
1531
1532
1533
1534
1535
1536
1537
1538
1539
1540
1541
1542
1543
1544
1545
1546
1547
1548
1549
1550
1551
1552
1553
1554
1555
1556
1557
1558
1559
1560
1561
1562
1563
1564
1565
1566
1567
1568
1569
1570
1571
1572
1573
1574
1575
1576
1577
1578
1579
1580
1581
1582
1583
1584
1585
1586
1587
1588
1589
1590
1591
1592
1593
1594
1595
1596
1597
1598
1599
1600
1601
1602
1603
1604
1605
1606
1607
1608
1609
1610
1611
1612
1613
1614
1615
1616
1617
1618
1619
1620
1621
1622
1623
1624
1625
1626
1627
1628
1629
1630
1631
1632
1633
1634
1635
1636
1637
1638
1639
1640
1641
1642
1643
1644
1645
1646
1647
1648
1649
1650
1651
1652
1653
1654
1655
1656
1657
1658
1659
1660
1661
1662
1663
1664
1665
1666
1667
1668
1669
1670
1671
1672
1673
1674
1675
1676
1677
1678
1679
1680
1681
1682
1683
1684
1685
1686
1687
1688
1689
1690
1691
1692
1693
1694
1695
1696
1697
1698
1699
1700
1701
1702
1703
1704
1705
1706
1707
1708
1709
1710
1711
1712
1713
1714
1715
1716
1717
1718
1719
1720
1721
1722
1723
1724
1725
1726
1727
1728
1729
1730
1731
1732
1733
1734
1735
1736
1737
1738
1739
1740
1741
1742
1743
1744
1745
1746
1747
1748
1749
1750
1751
1752
1753
1754
1755
1756
1757
1758
1759
1760
1761
1762
1763
1764
1765
1766
1767
1768
1769
1770
1771
1772
1773
1774
1775
1776
1777
1778
1779
1780
1781
1782
1783
1784
1785
1786
1787
1788
1789
1790
1791
1792
1793
1794
1795
1796
1797
1798
1799
1800
1801
1802
1803
1804
1805
1806
1807
1808
1809
1810
1811
1812
1813
1814
1815
1816
1817
1818
1819
1820
1821
1822
1823
1824
1825
1826
1827
1828
1829
1830
1831
1832
1833
1834
1835
1836
1837
1838
1839
1840
1841
1842
1843
1844
1845
1846
1847
1848
1849
1850
1851
1852
1853
1854
1855
1856
1857
1858
1859
1860
1861
1862
1863
1864
1865
1866
1867
1868
1869
1870
1871
1872
1873
1874
1875
1876
1877
1878
1879
1880
1881
1882
1883
1884
1885
1886
1887
1888
1889
1890
1891
1892
1893
1894
1895
1896
1897
1898
1899
1900
1901
1902
1903
1904
1905
1906
1907
1908
1909
1910
1911
1912
1913
1914
1915
1916
1917
1918
1919
1920
1921
1922
1923
1924
1925
1926
1927
1928
1929
1930
1931
1932
1933
1934
1935
1936
1937
1938
1939
1940
1941
1942
1943
1944
1945
1946
1947
1948
1949
1950
1951
1952
1953
1954
1955
1956
1957
1958
1959
1960
1961
1962
1963
1964
1965
1966
1967
1968
1969
1970
1971
1972
1973
1974
1975
1976
1977
1978
1979
1980
1981
1982
1983
1984
1985
1986
1987
1988
1989
1990
1991
1992
1993
1994
1995
1996
1997
1998
1999
2000
2001
2002
2003
2004
2005
2006
2007
2008
2009
2010
2011
2012
2013
2014
2015
2016
2017
2018
2019
2020
2021
2022
2023
2024
2025
2026
2027
2028
2029
2030
2031
2032
2033
2034
2035
2036
2037
2038
2039
2040
2041
2042
2043
2044
2045
2046
2047
2048
2049
2050
2051
2052
2053
2054
2055
2056
2057
2058
2059
2060
2061
2062
2063
2064
2065
2066
2067
2068
2069
2070
2071
2072
2073
2074
2075
2076
2077
2078
2079
2080
2081
2082
2083
2084
2085
2086
2087
2088
2089
2090
2091
2092
2093
2094
2095
2096
2097
2098
2099
2100
2101
2102
2103
2104
2105
2106
2107
2108
2109
2110
2111
2112
2113
2114
3000
3001
3002
3003
3004
3005
3006
3007
3008
3009
3010
3011
3012
3013
3014
3015
3016
3017
3018
3019
3020
3021
3022
3023
3024
3025
3026
3027
3028
3029
3030
3031
3032
3033
3034
3035
3036
3037
3038
3039
3040
3041
3042
3043
3044
3045
3046
3047
3048
3049
3050
3051
3052
3053
3054
3055
3056
3057
3058
3059
3060
3061
3062
3063
3064
3065
3066
3067
3068
3069
3070
3071
3072
3073
3074
3075
3076
3077
3078
3079
3080
3081
3082
3083
3084
3085
3086
3087
3088
3089
3090
3091
3092
3093
3094
3095
3096
3097
3098
3099
3100
5000
5001
5002
5003
5004
5005
5006
5007
5008
5009
5010
5011
5012
5013
5014
5015
5016
5017
5018
5019
5020
5021
5022
5023
5024
5025
5026
5027
5028
5029
5030
5031
5032
5033
5034
5035
5036
5037
5038
5039
5040
5041
5042
5043
5044
5045
5046
5047
5048
5049
5050
5051
10000
10001
10002
10003
10004
10005
10006
10007
10008
10009
10010
10011
10012
10013
10014
10015
10016
10017
10018
10019
10020
10021
10022
10023
10024
10025
10026
10027
10028
10029
10030
10031
10032
10033
10034
10035
10036
10037
10038
10039
10040
10041
10042
10043
10044
10045
10046
10047
10048
10049
10050
10051
10052
50000
50001
50002
50003
50004
50005
50006
50007
50008
50009
50010
50011
50012
50013
50014
50015
50016
50017
50018
50019
50020
50021
50022
50023
50024
50025
50026
50027
50028
50029
50030
50031
50032
50033
50034
50035
50036
50037
50038
50039
50040
50041
50042
50043
50044
50045
50046
50047
50048
50049
100000
100001
100002
100003
100004
100005
100006
100007
100008
100009
100010
100011
100012
100013
100014
100015
100016
100017
100018
100019
100020
100021
100022
100023
100024
100025
100026
100027
100028
100029
100030
100031
100032
100033
100034
100035
100036
100037
100038
100039
100040
100041
100042
100043
100044
100045
100046
100047
100048
100049
200000
200001
200002
200003
200004
200005
200006
200007
200008
200009
200010
200011
200012
200013
200014
200015
200016
200017
200018
200019
200020
200021
200022
200023
200024
200025
200026
200027
200028
200029
200030
200031
200032
200033
200034
200035
200036
200037
200038
200039
200040
200041
200042
200043
200044
200045
200046
200047
200048
200049
200050
200051
200052
500000
500001
500002
500003
500004
500005
500006
500007
500008
500009
500010
500011
500012
500013
500014
500015
500016
500017
500018
500019
500020
500021
500022
500023
500024
500025
500026
500027
500028
500029
500030
500031
500032
500033
500034
500035
500036
500037
500038
500039
500040
500041
500042
500043
500044
500045
1000000
1000001
1000002
1000003
1000004
1000005
1000006
1000007
1000008
1000009
1000010
1000011
1000012
1000013
1000014
1000015
1000016
1000017
1000018
1000019
1000020
1000021
1000022
1000023
1000024
1000025
1000026
1000027
1000028
1000029
1000030
1000031
1000032
1000033
1000034
1000035
1000036
1000037
1000038
1000039
1000040
1000041
1000042
1000043
1000044
1000045
1000046
1000047
1000048
1000049
1000050
1000051
1000052
1000053
1000054
1000055
1000056
1000057
1000058
1000059
1000060
1000061
1000062
1000063
1000064
1000065
1000066
1000067
1000068
1000069
1000070
1000071
1000072
1000073
1000074
1000075
1000076
1000077
1000078
1000079
1000080
1000081
1000082
1000083
1000084
1000085
1000086
1000087
1000088
1000089
1000090
1000091
1000092
1000093
1000094
1000095
1000096
1000097
1000098
1000099
1000100
1000101
1000102
1000103
1000104
1000105
1000106
1000107
1000108
1000109
1000110
1000111
1000112
1000113
1000114
1000115
1000116
1000117
1000118
1000119
1000120
1000121
1000122
1000123
1000124
1000125
1000126
1000127
1000128
1000129
1000130
1000131
1000132
1000133
1000134
1000135
1000136
1000137
1000138
1000139
1000140
1000141
1000142
1000143
1000144
1000145
1000146
1000147
1000148
1000149
1000150
1000151
1000152
1000153
1000154
1000155
1000156
1000157
1000158
1000159
1000160
1000161
1000162
1000163
1000164
1000165
1000166
1000167
1000168
1000169
1000170
1000171
1000172
1000173
1000174
1000175
1000176
1000177
1000178
1000179
1000180
1000181
1000182
1000183
1000184
1000185
1000186
1000187
1000188
1000189
1000190
1000191
1000192
1000193
1000194
1000195
1000196
1000197
1000198
1000199
1000200
1000201
1000202
1000203
1000204
1000205
1000206
1000207
1000208
1000209
1000210
1000211
1000212
1000213
1000214
1000215
1000216
1000217
1000218
1000219
1000220
1000221
1000222
1000223
1000224
1000225
1000226
1000227
1000228
1000229
1000230
1000231
1000232
1000233
1000234
1000235
1000236
1000237
1000238
1000239
1000240
1000241
1000242
1000243
1000244
1000245
1000246
1000247
1000248
1000249
1000250
1000251
1000252
1000253
1000254
1000255
1000256
1000257
1000258
1000259
1000260
1000261
1000262
1000263
1000264
1000265
1000266
1000267
1000268
1000269
1000270
1000271
1000272
1000273
1000274
1000275
1000276
1000277
1000278
1000279
1000280
1000281
1000282
1000283
1000284
1000285
1000286
1000287
1000288
1000289
1000290
1000291
1000292
1000293
1000294
1000295
1000296
1000297
1000298
1000299
1000300
1000301
1000302
1000303
1000304
1000305
1000306
1000307
1000308
1000309
1000310
1000311
1000312
1000313
1000314
1000315
1000316
1000317
1000318
1000319
1000320
1000321
1000322
1000323
1000324
1000325
1000326
1000327
1000328
1000329
1000330
1000331
1000332
1000333
1000334
1000335
1000336
1000337
1000338
1000339
1000340
1000341
1000342
1000343
1000344
1000345
1000346
1000347
1000348
1000349
1000350
1000351
1000352
1000353
1000354
1005000
1005001
1005002
1005003
1005004
1005005
1005006
1005007
1005008
1005009
1005010
1005011
1005012
1005013
1005014
1005015
1005016
1005017
1005018
1005019
1005020
1005021
1005022
1005023
1005024
1005025
1005026
1005027
1005028
1005029
1005030
1005031
1005032
1005033
1005034
1005035
1005036
1005037
1005038
1005039
1005040
1005041
1005042
1005043
1005044
1005045
1005046
1005047
1005048
1005049
1005050
1005051
1005052
1005053
1005054
1005055
1005056
1005057
1005058
1005059
1005060
1005061
1005062
1005063
1005064
1005065
1005066
1005067
1005068
1005069
1005070
1005071
1005072
1005073
1005074
1005075
1005076
1005077
1005078
1005079
1005080
1005081
1005082
1005083
1005084
1005085
1005086
1005087
1005088
1005089
1005090
1005091
1005092
1005093
1005094
1005095
1005096
1005097
1005098
1005099
1005100
1005101
1005102
1005103
1005104
1005105
1005106
1005107
1005108
1005109
1005110
1005111
1005112
1005113
1005114
1005115
1005116
1005117
1015000
1005118
1015001
1005119
1015002
1005120
1015003
1005121
1015004
1005122
1015005
1005123
1015006
1005124
1015007
1005125
1015008
1005126
1015009
1005127
1015010
1005128
1015011
1005129
1015012
1005130
1015013
1005131
1015014
1005132
1015015
1005133
1005134
1015016
1015017
1005135
1005136
1015018
1005137
1015019
1005138
1015020
1005139
1015021
1015022
1005140
1005141
1015023
1015024
1015025
1015026
1015027
1015028
1015029
1015030
1015031
1015032
1015033
1015034
1015035
1015036
1015037
1015038
1015039
1015040
1015041
1015042
1015043
1015044
1015045
1015046
1015047
1015048
1015049
1015050
1015051
1015052
1015053
1015054
1015055
1015056
1015057
1015058
1015059
1015060
1015061
1015062
1015063
1015064
1015065
1015066
1015067
1015068
1015069
1015070
1015071
1015072
1015073
1015074
1015075
1015076
1015077
1015078
1015079
1015080
1015081
1015082
1015083
1015084
1015085
1015086
1015087
1015088
1015089
1015090
1015091
1015092
1015093
1015094
1015095
1015096
1015097
1015098
1015099
1015100
1015101
1015102
1015103
1015104
1015105
1015106
1015107
1015108
1015109
1015110
1015111
1015112
1015113
1015114
1015115
1015116
1025000
1025001
1025002
1025003
1025004
1025005
1025006
1025007
1025008
1025009
1025010
1025011
1025012
1025013
1025014
1025015
1025016
1025017
1025018
1025019
1025020
1025021
1025022
1025023
1025024
1025025
1025026
1025027
1025028
1025029
1025030
1025031
1025032
1025033
1025034
1025035
1025036
1025037
1025038
1025039
1025040
1025041
1025042
1025043
1025044
1025045
1025046
1025047
1025048
1025049
1025050
1025051
1025052
1025053
1025054
1025055
1025056
1025057
1025058
1025059
1025060
1025061
1025062
1025063
1025064
1025065
1025066
1025067
1025068
1025069
1025070
1025071
1025072
1025073
1025074
1025075
1025076
1025077
1025078
1025079
1025080
1025081
1025082
1025083
1025084
1025085
1025086
1025087
1025088
1025089
1025090
1025091
1025092
1025093
1025094
1025095
1025096
1025097
1025098
1025099
1025100
1025101
1025102
1025103
1025104
1025105
1025106
1025107
1025108
1025109
1025110
1025111
1025112
1025113
1025114
1025115
1050000
1025116
1050001
1025117
1050002
1025118
1050003
1025119
1050004
1025120
1050005
1025121
1050006
1025122
1050007
1025123
1050008
1025124
1050009
1025125
1050010
1025126
1050011
1025127
1050012
1025128
1050013
1050014
1050015
1050016
1050017
1050018
1050019
1050020
1050021
1050022
1050023
1050024
1050025
1050026
1050027
1050028
1050029
1050030
1050031
1050032
1050033
1050034
1050035
1050036
1050037
1050038
1050039
1050040
1050041
1050042
1050043
1050044
1050045
1050046
1050047
1050048
1050049
1050050
1050051
1050052
1050053
1050054
1050055
1050056
1050057
1050058
1050059
1050060
1050061
1050062
1050063
1050064
1050065
1050066
1050067
1050068
1050069
1050070
1050071
1050072
1050073
1050074
1050075
1050076
1050077
1050078
1050079
1050080
1050081
1050082
1050083
1050084
1050085
1050086
1050087
1050088
1050089
1050090
1050091
1050092
1050093
1050094
1050095
1050096
1050097
1050098
1050099
1050100
1050101
1050102
1050103
1050104
1050105
1050106
1050107
1050108
1050109
1050110
1050111
1050112
1100000
1100001
1100002
1100003
1100004
1100005
1100006
1100007
1100008
1100009
1100010
1100011
1100012
1100013
1100014
1100015
1100016
1100017
1100018
1100019
1100020
1100021
1100022
1100023
1100024
1100025
1100026
1100027
1100028
1100029
1100030
1100031
1100032
1100033
1100034
1100035
1100036
1100037
1100038
1100039
1100040
1100041
1100042
1100043
1100044
1100045
1100046
1100047
1100048
1100049
1100050
1100051
1100052
1100053
1100054
1100055
1100056
1100057
1100058
1100059
1100060
1100061
1100062
1100063
1100064
1100065
1100066
1100067
1100068
1100069
1100070
1100071
1100072
1100073
1100074
1100075
1100076
1100077
1100078
1100079
1100080
1100081
1100082
1100083
1100084
1100085
1100086
1100087
1100088
1100089
1100090
1100091
1100092
1100093
1100094
1100095
1100096
1100097
1100098
1100099
1100100
1100101
1100102
1100103
1100104
1100105
1100106
1100107
1100108
1100109
1100110
1100111
1100112
1100113
1100114
1100115
1100116
1100117
1100118
1200000
1200001
1200002
1200003
1200004
1200005
1200006
1200007
1200008
1200009
1200010
1200011
1200012
1200013
1200014
1200015
1200016
1200017
1200018
1200019
1200020
1200021
1200022
1200023
1200024
1200025
1200026
1200027
1200028
1200029
1200030
1200031
1200032
1200033
1200034
1200035
1200036
1200037
1200038
1200039
1200040
1200041
1200042
1200043
1200044
1200045
1200046
1200047
1200048
1200049
1200050
1200051
1200052
1200053
1200054
1200055
1200056
1200057
1200058
1200059
1200060
1200061
1200062
1200063
1200064
1200065
1200066
1200067
1200068
1200069
1200070
1200071
1200072
1200073
1200074
1200075
1200076
1200077
1200078
1200079
1200080
1200081
1200082
1200083
1200084
1200085
1200086
1200087
1200088
1200089
1200090
1200091
1200092
1200093
1200094
1200095
1200096
1200097
1200098
1200099
1200100
1200101
1200102
1200103
1200104
1200105
1200106
1200107
1200108
1200109
1200110
1200111
1200112
1200113
1200114
1200115
1200116
1200117
1200118
1200119
1200120
1200121
1300000
1200122
1300001
1300002
1200123
1300003
1200124
1300004
1200125
1300005
1200126
1300006
1200127
1300007
1200128
1300008
1200129
1300009
1200130
1300010
1200131
1300011
1200132
1300012
1200133
1300013
1200134
1300014
1200135
1300015
1200136
1300016
1200137
1300017
1200138
1300018
1200139
1300019
1200140
1300020
1200141
1300021
1200142
1300022
1200143
1300023
1200144
1300024
1200145
1300025
1200146
1300026
1200147
1300027
1200148
1300028
1200149
1300029
1200150
1300030
1300031
1200151
1200152
1300032
1200153
1300033
1300034
1200154
1300035
1200155
1300036
1200156
1300037
1200157
1300038
1200158
1300039
1200159
1300040
1200160
1300041
1300042
1300043
1300044
1300045
1300046
1300047
1300048
1300049
1300050
1300051
1300052
1300053
1300054
1300055
1300056
1300057
1300058
1300059
1300060
1300061
1300062
1300063
1300064
1300065
1300066
1300067
1300068
1300069
1300070
1300071
1300072
1300073
1300074
1300075
1300076
1300077
1300078
1300079
1300080
1300081
1300082
1300083
1300084
1300085
1300086
1300087
1300088
1300089
1300090
1300091
1300092
1300093
1300094
1300095
1300096
1300097
1300098
1300099
1300100
1300101
1300102
1300103
1300104
1300105
1300106
1300107
1300108
1300109
1300110
1300111
1300112
1300113
1300114
1300115
1300116
1300117
1300118
1300119
1300120
2000000
1300121
2000001
1300122
2000002
1300123
2000003
1300124
2000004
1300125
2000005
1300126
2000006
1300127
2000007
1300128
2000008
1300129
2000009
1300130
2000010
1300131
2000011
1300132
2000012
1300133
2000013
1300134
2000014
1300135
2000015
1300136
2000016
1300137
2000017
1300138
2000018
1300139
2000019
1300140
2000020
1300141
2000021
1300142
2000022
1300143
2000023
1300144
2000024
1300145
2000025
1300146
2000026
1300147
2000027
1300148
2000028
1300149
2000029
1300150
2000030
1300151
2000031
1300152
2000032
1300153
2000033
1300154
2000034
1300155
2000035
1300156
2000036
2000037
2000038
2000039
2000040
2000041
2000042
2000043
2000044
2000045
2000046
2000047
2000048
2000049
2000050
2000051
2000052
2000053
2000054
2000055
2000056
2000057
2000058
2000059
2000060
2000061
2000062
2000063
2000064
2000065
2000066
2000067
2000068
2000069
2000070
2000071
2000072
2000073
2000074
2000075
2000076
2000077
2000078
2000079
2000080
2000081
2000082
2000083
2000084
2000085
2000086
2000087
2000088
2000089
2000090
2000091
2000092
2000093
2000094
2000095
2000096
2000097
2000098
2000099
2000100
2000101
2000102
2000103
2000104
2000105
2000106
2000107
2000108
2000109
2000110
2000111
2000112
2000113
2000114
2000115
2000116
2000117
2000118
2000119
2000120
2000121
2000122
2000123
2000124
2000125
2000126
2000127
2000128
2000129
2000130
2000131
2000132
2000133
2000134
2000135
2000136
2000137
2000138
2000139
2000140
2000141
2000142
2000143
2000144
3000000
3000001
3000002
3000003
3000004
3000005
3000006
3000007
3000008
3000009
3000010
3000011
3000012
3000013
3000014
3000015
3000016
3000017
3000018
3000019
3000020
3000021
3000022
3000023
3000024
3000025
3000026
3000027
3000028
3000029
3000030
3000031
3000032
3000033
3000034
3000035
3000036
3000037
3000038
3000039
3000040
3000041
3000042
3000043
3000044
3000045
3000046
3000047
3000048
3000049
3000050
3000051
3000052
3000053
3000054
3000055
3000056
3000057
3000058
3000059
3000060
3000061
3000062
3000063
3000064
3000065
3000066
3000067
3000068
3000069
3000070
3000071
3000072
3000073
3000074
3000075
3000076
3000077
3000078
3000079
3000080
3000081
3000082
3000083
3000084
3000085
3000086
3000087
3000088
3000089
3000090
3000091
3000092
3000093
3000094
3000095
3000096
3000097
3000098
3000099
3000100
3000101
3000102
3000103
3000104
3000105
3000106
3000107
3000108
3000109
3000110
3000111
3000112
3000113
3000114
3000115
3000116
3000117
3000118
3000119
3000120
4000000
3000121
4000001
3000122
4000002
3000123
4000003
3000124
4000004
3000125
4000005
3000126
4000006
3000127
4000007
3000128
4000008
3000129
4000009
3000130
4000010
3000131
4000011
3000132
4000012
3000133
4000013
3000134
4000014
3000135
4000015
3000136
4000016
3000137
4000017
3000138
4000018
3000139
4000019
3000140
4000020
3000141
4000021
3000142
4000022
3000143
4000023
3000144
4000024
3000145
4000025
3000146
4000026
3000147
4000027
3000148
4000028
4000029
3000149
3000150
4000030
4000031
3000151
4000032
3000152
3000153
3000154
4000033
3000155
4000034
3000156
4000035
4000036
3000157
3000158
4000037
3000159
4000038
4000039
4000040
4000041
4000042
4000043
4000044
4000045
4000046
4000047
4000048
4000049
4000050
4000051
4000052
4000053
4000054
4000055
4000056
4000057
4000058
4000059
4000060
4000061
4000062
4000063
4000064
4000065
4000066
4000067
4000068
4000069
4000070
4000071
4000072
4000073
4000074
4000075
4000076
4000077
4000078
4000079
4000080
4000081
4000082
4000083
4000084
4000085
4000086
4000087
4000088
4000089
4000090
4000091
4000092
4000093
4000094
4000095
4000096
4000097
4000098
4000099
4000100
4000101
4000102
4000103
4000104
4000105
4000106
4000107
4000108
4000109
4000110
4000111
4000112
4000113
4000114
4000115
4000116
4000117
4000118
5000000
4000119
5000001
4000120
5000002
4000121
5000003
4000122
5000004
4000123
5000005
5000006
4000124
5000007
4000125
5000008
4000126
5000009
4000127
5000010
4000128
5000011
4000129
5000012
4000130
5000013
4000131
5000014
4000132
5000015
4000133
5000016
4000134
5000017
4000135
5000018
4000136
5000019
4000137
4000138
5000020
4000139
4000140
5000021
4000141
5000022
4000142
5000023
4000143
5000024
4000144
5000025
4000145
5000026
4000146
5000027
4000147
5000028
4000148
5000029
4000149
5000030
4000150
5000031
4000151
5000032
4000152
5000033
4000153
5000034
4000154
5000035
4000155
5000036
4000156
5000037
4000157
5000038
4000158
5000039
4000159
5000040
4000160
5000041
5000042
5000043
5000044
5000045
5000046
5000047
5000048
5000049
5000050
5000051
5000052
5000053
5000054
5000055
5000056
5000057
5000058
5000059
5000060
5000061
5000062
5000063
5000064
5000065
5000066
5000067
5000068
5000069
5000070
5000071
5000072
5000073
5000074
5000075
5000076
5000077
5000078
5000079
5000080
5000081
5000082
5000083
5000084
5000085
5000086
5000087
5000088
5000089
5000090
5000091
5000092
5000093
5000094
5000095
5000096
5000097
5000098
5000099
5000100
5000101
5000102
5000103
5000104
5000105
5000106
5000107
5000108
5000109
5000110
5000111
5000112
5000113
5000114
5000115
5000116
5000117
5000118
5000119
5000120
5000121
5000122
5000123
5000124
1000355
5000125
1000356
5000126
1000357
5000127
1000358
5000128
1000359
5000129
1000360
5000130
1000361
5000131
1000362
5000132
1000363
5000133
1000364
5000134
1000365
1000366
5000135
1000367
5000136
5000137
1000368
5000138
1000369
5000139
1000370
5000140
1000371
5000141
1000372
5000142
1000373
5000143
1000374
1000375
5000144
5000145
1000376
5000146
1000377
5000147
1000378
5000148
1000379
5000149
1000380
5000150
1000381
5000151
1000382
5000152
1000383
5000153
1000384
1000385
5000154
5000155
1000386
5000156
1000387
5000157
1000388
5000158
1000389
5000159
1000390
1000391
1000392
1000393
1000394
1000395
1000396
1000397
1000398
1000399
1000400
1000401
1000402
1000403
1000404
1000405
1000406
1000407
1000408
1000409
1000410
1000411
1000412
1000413
1000414
1000415
1000416
1000417
1000418
1000419
1000420
1000421
1000422
1000423
1000424
1000425
1000426
1000427
1000428
1000429
1000430
1000431
1000432
1000433
1000434
1000435
1000436
1000437
1000438
1000439
1000440
1000441
1000442
1000443
1000444
1000445
1000446
1000447
1000448
1000449
1000450
1000451
1000452
1000453
1000454
1000455
1000456
1000457
1000458
1000459
1000460
1000461
1000462
1000463
1000464
1000465
1000466
1000467
1000468
1000469
1000470
1000471
1000472
1000473
1000474
1000475
1000476
1000477
1000478
1000479
1000480
1000481
1000482
1000483
1000484
1000485
1000486
1000487
1000488
1000489
1000490
1000491
1000492
1000493
1000494
1000495
1000496
1000497
1000498
1000499
1000500
1000501
1000502
1000503
1000504
1000505
1000506
1000507
1000508
1000509
1000510
1000511
1000512
1000513
1000514
1000515
1000516
1000517
1000518
1000519
1000520
1000521
1000522
1000523
1000524
1000525
1000526
1000527
1000528
1000529
1000530
1000531
1000532
1000533
1000534
1000535
1000536
1000537
1000538
1000539
1000540
1000541
1000542
1000543
1000544
1000545
1000546
1000547
1000548
1000549
1000550
1000551
1000552
1000553
1000554
1000555
1000556
1000557
1000558
1000559
1000560
1000561
1000562
1000563
1000564
1000565
1000566
1000567
1000568
1000569
1000570
1000571
1005142
1005143
1005144
1005145
1005146
1005147
1005148
1005149
1005150
1005151
1005152
1005153
1005154
1005155
1005156
1005157
1005158
1005159
1005160
1005161
1005162
1005163
1005164
1005165
1005166
1005167
1005168
1005169
1005170
1005171
1005172
1005173
1005174
1005175
1005176
1005177
1005178
1005179
1005180
1005181
1005182
1005183
1005184
1005185
1005186
1005187
1005188
1005189
1005190
1005191
1005192
1005193
1005194
1005195
1005196
1005197
1005198
1005199
1005200
1005201
1005202
1005203
1005204
1005205
1005206
1005207
1005208
1005209
1005210
1005211
1005212
1005213
1005214
1005215
1005216
1005217
1005218
1005219
1005220
1005221
1005222
1005223
1005224
1005225
1005226
1005227
1005228
1005229
1005230
1005231
1005232
1005233
1005234
1005235
1005236
1005237
1005238
1005239
1005240
1005241
1005242
1005243
1005244
1005245
1005246
1005247
1005248
1005249
1005250
1005251
1005252
1005253
1005254
1005255
1005256
1005257
1005258
1005259
1005260
1005261
1005262
1005263
1005264
1005265
1005266
1005267
1005268
1005269
1005270
1005271
1005272
1005273
1005274
1005275
1005276
1005277
1005278
1005279
1005280
1005281
1005282
1005283
1005284
1005285
1005286
1005287
1005288
1005289
1005290
1005291
1005292
1005293
1005294
1005295
1005296
1005297
1005298
1005299
1005300
1005301
1005302
1005303
1005304
1005305
1005306
1005307
1005308
1005309
1005310
1005311
1005312
1005313
1005314
1005315
1005316
1005317
1005318
1005319
1005320
1005321
1005322
1005323
1005324
1005325
1005326
1005327
1005328
1005329
1005330
1005331
1005332
1005333
1005334
1005335
1005336
1005337
1005338
1005339
1005340
1005341
1005342
1005343
1005344
1005345
1005346
1005347
1005348
1005349
1005350
1005351
1005352
1005353
1005354
1005355
1000579
1000575
1000573
1000577
1000574
1000572
1000576
1000578
1000580
1000581
1000583
1000587
1000585
1000584
1000586
1000582
1000590
1000588
1000592
1000589
1000593
1000591
1000595
1000594
1000596
1000597
1000599
1000598
1000600
1000602
1000603
1000601
1000604
1000605
1000606
1000607
1000608
1000610
1000611
1000609
1000612
1000616
1000615
1000613
1000614
1000619
1000618
1000617
1000620
1000621
1000628
1000622
1000625
1000624
1000623
1000629
1000626
1000627
1000630
1000631
1000632
1000635
1000634
1000637
1000633
1000636
1000640
1000638
1000639
1000642
1000641
1000643
1000646
1000647
1000648
1000644
1000645
1000649
1000651
1000650
1000653
1000656
1000655
1000652
1000654
1000657
1000658
1000662
1000659
1000663
1000661
1000664
1000660
1000666
1000665
1000668
1000667
1000669
1000671
1000670
1000678
1000674
1000675
1000677
1000673
1000672
1000679
1000676
1000681
1000680
1000687
1000685
1000683
1000686
1000682
1000684
1000689
1000688
1000690
1000691
1000692
1000693
1000695
1000694
1000696
1000697
1000699
1000701
1000698
1000700
1000703
1000702
1000704
1000705
1000706
1000707
1000708
1000709
1000710
1000711
1000714
1000713
1000712
1000715
1000716
1000717
1000719
1000718
1000721
1000720
1000725
1000727
1000722
1000729
1000726
1000728
1000724
1000723
1000730
1000731
1000735
1000734
1000737
1000732
1000736
1000733
1000739
1000738
1000741
1000740
1000745
1000742
1000744
1000743
1000747
1000746
1000748
1000753
1000751
1000749
1000750
1000752
1000754
1000755
1000761
1000757
1000756
1000758
1000759
1000760
1000762
1000763
1000764
1000766
1000765
1000767
1000768
1000769
1000770
1000771
1000777
1000778
1000779
1000775
1000774
1000773
1000776
1000772
1000782
1000783
1000780
1000784
1000785
1000786
1000781
1000787
1000790
1000792
1000788
1000789
1000794
1000793
1000791
1000795
1000796
1000797
1000799
1000802
1000800
1000798
1000803
1000801
1000804
1000805
1000807
1000806
1000808
1000809
1000810
1000811
1000813
1000812
1000814
1000815
1000816
1000817
1000821
1000819
1000820
1000818
1000829
1000822
1000826
1000825
1000824
1000828
1000827
1000823
1000831
1000833
1000830
1000834
1000832
1000837
1000835
1000836
1000838
1000839
1000840
1000845
1000842
1000841
1000843
1000844
1000846
1000848
1000847
1000852
1000851
1000850
1000849
1000853
1000855
1000856
1000854
1000857
1000859
1000860
1000861
1000858
1000862
1000863
1000864
1000865
1000868
1000866
1000867
1000869
1000870
1000871
1000879
1000877
1000874
1000878
1000875
1000876
1000873
1000872
1000885
1000881
1000880
1000882
1000883
1000884
1000886
1000887
1000890
1000888
1000889
1000891
1000893
1000894
1000892
1000895
1000896
1000899
1000900
1000901
1000897
1000902
1000898
1000903
1000904
1000905
1000907
1000908
1000906
1000909
1000910
1000911
1000913
1000912
1000915
1000914
1000917
1000916
1000918
1000919
1000920
1000921
1000928
1000926
1000929
1000922
1000927
1000924
1000923
1000925
1000930
1000932
1000931
1000937
1000935
1000936
1000933
1000934
1000938
1000939
1000940
1000941
1000943
1000942
1000945
1000944
1000946
1000948
1000952
1000947
1000953
1000950
1000951
1000949
1000955
1000954
1000959
1000956
1000957
1000958
1000961
1000960
1000962
1000963
1000964
1000967
1000966
1000969
1000965
1000968
1000970
1000971
1000979
1000974
1000977
1000973
1000976
1000975
1000978
1000972
1000980
1000983
1000987
1000986
1000981
1000982
1000984
1000985
1000988
1000990
1000993
1000991
1000994
1000992
1000989
1000995
1000996
1001001
1000997
1000999
1000998
1001002
1001003
1001000
1001004
1001008
1001007
1001006
1001005
1001010
1001009
1001011
1001012
1001013
1001015
1001016
1001014
1001019
1001018
1001020
1001017
1001021
1001023
1001024
1001025
1001026
1001022
1001028
1001027
1001029
1001030
1001032
1001031
1001034
1001033
1001035
1001036
1001037
1001038
1001042
1001039
1001043
1001041
1001040
1001044
1001045
1001046
1001051
1001047
1001048
1001054
1001050
1001049
1001053
1001052
1001056
1001061
1001058
1001055
1001057
1001062
1001059
1001060
1001064
1001063
1001069
1001066
1001067
1001065
1001068
1001070
1001071
1001075
1001078
1001077
1001073
1001079
1001074
1001072
1001076
1001084
1001081
1001083
1001082
1001080
1001086
1001087
1001085
1001088
1001090
1001089
1001091
1001092
1001093
1001095
1001094
1001097
1001098
1001101
1001100
1001102
1001099
1001096
1001103
1001104
1001106
1001105
1001110
1001109
1001108
1001107
1001111
1001112
1001118
1001114
1001115
1001113
1001119
1001117
1001116
1001120
1001121
1001124
1001128
1001123
1001125
1001127
1001122
1001126
1001129
1001132
1001131
1001135
1001137
1001130
1001136
1001133
1001134
1001138
1001143
1001139
1001145
1001144
1001142
1001141
1001140
1001146
1001147
1001149
1001150
1001151
1001148
1001153
1001152
1001154
1001155
1001161
1001156
1001159
1001160
1001158
1001157
1001162
1001163
1001164
1001165
1001167
1001169
1001168
1001166
1001170
1001171
1001174
1001177
1001173
1001178
1001176
1001175
1001172
1001179
1001180
1001181
1001182
1001183
1001186
1001185
1001187
1001184
1001188
1001189
1001192
1001190
1001191
1001194
1001193
1001195
1001196
1001197
1001199
1001201
1001198
1001200
1001202
1001203
1001204
1001206
1001207
1001205
1001208
1001210
1001209
1001211
1001212
1001213
1001215
1001214
1001218
1001217
1001219
1001220
1001216
1001221
1001222
1001224
1001227
1001223
1001225
1001228
1001226
1001229
1001230
1001231
1001236
1001232
1001237
1001234
1001235
1001233
1001238
1001244
1001239
1001240
1001245
1001241
1001242
1001243
1001246
1001248
1001247
1001251
1001249
1001250
1001253
1001252
1001254
1001255
1001257
1001256
1001259
1001261
1001258
1001260
1001262
1001263
1001264
1001265
1001267
1001268
1001266
1001269
1001270
1001271
1001273
1001278
1001280
1001281
1001282
1001283
1001284
1001285
1001286
1001287
1001288
1001289
1001290
1001291
1001292
1001293
1001294
1001295
1001296
1001297
1001298
1001299
1001300
1001301
1001302
1001303
1001274
1001275
1001277
1001276
1001279
1001272
1001304
1001307
1001309
1001305
1001306
1001308
1001311
1001310
1001312
1001316
1001314
1001315
1001317
1001313
1001319
1001318
1001320
1001321
1001328
1001329
1001322
1001326
1001324
1001325
1001323
1001327
1001330
1001331
1001337
1001334
1001336
1001335
1001332
1001333
1001338
1001342
1001339
1001341
1001340
1001344
1001345
1001343
1001346
1001350
1001347
1001348
1001349
1001351
1001352
1001353
1001354
1001357
1001358
1001355
1001356
1001361
1001360
1001359
1001362
1001366
1001364
1001368
1001365
1001363
1001369
1001367
1001370
1001371
1001378
1001379
1001377
1001372
1001375
1001374
1001376
1001373
1001381
1001380
1001387
1001383
1001382
1001384
1001385
1001386
1001389
1001388
1001392
1001395
1001390
1001393
1001391
1001394
1001396
1001397
1001398
1001399
1001403
1001401
1001402
1001400
1001405
1001404
1001407
1001409
1001406
1001408
1001411
1001410
1001412
1001414
1001415
1001413
1001416
1001418
1001417
1001419
1001420
1001421
1001426
1001423
1001422
1001427
1001425
1001424
1001428
1001429
1001434
1001430
1001435
1001432
1001436
1001431
1001433
1001437
1001439
1001440
1001441
1001442
1001438
1001443
1001444
1001445
1001447
1001446
1001448
1001449
1001451
1001450
1001452
1001453
1001456
1001454
1001455
1001457
1001458
1001459
1001461
1001460
1001462
1001464
1001466
1001463
1001467
1001465
1001469
1001468
1001470
1001471
1001477
1001478
1001474
1001472
1001473
1001479
1001475
1001476
1001481
1001480
1001482
1001484
1001485
1001486
1001483
1001487
1001488
1001494
1001489
1001493
1001491
1001490
1001492
1001495
1001498
1001496
1001497
1001499
1001500
1001502
1001501
1001503
1001504
1001506
1001505
1001507
1001508
1001509
1001510
1001511
1001512
1001513
1001516
1001514
1001515
1001517
1001519
1001518
1001520
1001521
1001525
1001523
1001527
1001522
1001529
1001528
1001524
1001526
1001530
1001531
1001534
1001532
1001533
1001535
1001537
1001536
1001538
1001539
1001540
1001541
1001542
1001544
1001545
1001543
1001546
1001547
1001548
1001552
1001549
1001550
1001553
1001551
1001556
1001554
1001555
1001557
1001560
1001558
1001559
1001561
1001562
1001563
1001564
1001566
1001565
1001567
1001568
1001569
1001570
1001571
1001578
1001574
1001572
1001577
1001573
1001579
1001576
1001575
1001581
1001580
1001587
1001583
1001582
1001586
1001584
1001585
1001588
1001590
1001589
1001591
1001592
1001593
1001594
1001595
1001597
1001596
1001599
1001600
1001598
1001602
1001601
1001603
1001605
1001604
1001606
1001608
1001607
1001609
1001610
1001611
1001613
1001612
1001614
1001616
1001618
1001615
1001617
1001619
1001621
1001620
1001627
1001623
1001628
1001626
1001625
1001629
1001624
1001622
1001630
1001631
1001635
1001633
1001634
1001632
1001637
1001636
1001638
1001640
1001639
1001645
1001641
1001642
1001644
1001643
1001646
1001647
1001648
1001651
1001649
1001652
1001653
1001650
1001654
1001655
1001656
1001659
1001657
1001661
1001662
1001658
1001660
1001663
1001664
1001669
1001665
1001670
1001667
1001666
1001668
1001671
1001675
1001678
1001679
1001677
1001674
1001672
1001676
1001673
1001680
1001681
1001682
1001686
1001684
1001683
1001685
1001687
1001689
1001688
1001691
1001690
1001692
1001694
1001695
1001693
1001697
1001696
1001698
1001702
1001703
1001699
1001700
1001701
1001704
1001705
1001706
1001708
1001707
1001709
1001710
1001711
1001712
1001713
1001714
1001715
1001719
1001716
1001717
1001718
1001720
1001721
1001724
1001725
1001727
1001728
1001722
1001723
1001729
1001726
1001736
1001730
1001734
1001732
1001735
1001733
1001731
1001737
1001739
1001741
1001744
1001745
1001740
1001738
1001743
1001742
1001746
1001748
1001752
1001751
1001750
1001747
1001749
1001753
1001754
1001758
1001756
1001760
1001757
1001759
1001761
1001755
1001762
1001763
1001765
1001764
1001766
1001767
1001769
1001768
1001771
1001770
1001775
1001773
1001777
1001776
1001779
1001772
1001778
1001774
1001781
1001782
1001783
1001784
1001780
1001786
1001787
1001785
1001788
1001790
1001791
1001789
1001792
1001793
1001795
1001794
1001796
1001797
1001798
1001801
1001799
1001800
1001802
1001803
1001804
1001805
1001807
1001808
1001811
1001810
1001812
1001809
1001806
1001813
1001815
1001814
1001817
1001816
1001821
1001820
1001818
1001819
1001824
1001826
1001829
1001828
1001822
1001827
1001825
1001823
1001834
1001830
1001831
1001832
1001835
1001836
1001833
1001837
1001839
1001838
1001840
1001843
1001842
1001841
1001844
1001845
1001847
1001846
1001850
1001848
1001853
1001849
1001851
1001852
1001854
1001855
1001857
1001858
1001860
1001861
1001856
1001863
1001862
1001859
1001864
1001865
1001868
1001867
1001866
1001871
1001870
1001869
1001875
1001879
1001872
1001877
1001873
1001874
1001878
1001876
1001883
1001880
1001886
1001882
1001885
1001881
1001884
1001887
1001889
1001888
1001890
1001892
1001893
1001895
1001891
1001894
1001896
1001897
1001898
1001900
1001902
1001901
1001899
1001903
1001904
1001907
1001905
1001908
1001906
1001909
1001911
1001910
1001912
1001915
1001919
1001913
1001914
1001916
1001917
1001918
1001921
1001920
1001925
1001928
1001924
1001923
1001922
1001927
1001926
1001929
1001930
1001935
1001936
1001933
1001931
1001932
1001934
1001937
1001938
1001945
1001939
1001940
1001944
1001941
1001943
1001942
1001946
1001947
1001948
1001949
1001950
1001951
1001952
1001953
1001955
1001956
1001954
1001958
1001957
1001959
1001960
1001961
1001962
1001963
1001964
1001965
1001968
1001966
1001969
1001967
1001970
1001971
1001972
1001977
1001979
1001976
1001975
1001974
1001973
1001978
1001980
1001981
1001982
1001984
1001983
1001987
1001985
1001986
1001988
1001989
1001990
1001991
1001992
1001993
1001994
1001995
1001996
1001998
1001997
1001999
1002000
1002001
1002002
1002003
1002006
1002005
1002004
1002009
1002007
1002008
1002011
1002010
1002014
1002012
1002013
1002016
1002017
1002015
1002019
1002020
1002018
1002021
1002023
1002028
1002022
1002025
1002029
1002026
1002027
1002024
1002037
1002032
1002031
1002030
1002035
1002033
1002034
1002036
1002038
1002039
1002041
1002040
1002042
1002044
1002043
1002045
1002046
1002049
1002047
1002048
1002052
1002050
1002051
1002053
1002054
1002056
1002055
1002057
1002059
1002058
1002061
1002060
1002062
1002063
1002065
1002064
1002067
1002066
1002068
1002069
1002071
1002070
1002079
1002072
1002074
1002078
1002075
1002073
1002076
1002077
1002082
1002080
1002081
1002083
1002085
1002084
1002086
1002087
1002088
1002089
1002090
1002091
1002095
1002092
1002094
1002093
1002097
1002096
1002098
1002100
1002102
1002099
1002101
1002103
1002104
1002106
1002109
1002105
1002107
1002108
1002110
1002111
1002112
1002116
1002115
1002113
1002114
1002117
1002119
1002118
1002120
1002121
1002127
1002122
1002125
1002128
1002124
1002129
1002123
1002126
1002132
1002130
1002133
1002134
1002135
1002136
1002131
1002137
1002145
1002139
1002140
1002138
1002141
1002143
1002144
1002142
1002147
1002146
1002149
1002148
1002152
1002153
1002150
1002151
1002154
1002157
1002155
1002158
1002156
1002160
1002161
1002159
1002162
1002165
1002163
1002164
1002166
1002167
1002168
1002169
1002171
1002170
1002174
1002176
1002178
1002177
1002175
1002172
1002179
1002173
1002180
1002181
1002182
1002183
1002184
1002187
1002186
1002185
1002188
1002189
1002194
1002192
1002193
1002190
1002191
1002195
1002197
1002196
1002198
1002201
1002199
1002200
1002203
1002202
1002204
1002205
1002210
1002207
1002206
1002211
1002209
1002208
1002212
1002213
1002214
1002215
1002216
1002217
1002219
1002220
1002218
1002221
1002224
1002226
1002228
1002229
1002222
1002227
1002225
1002223
1002230
1002236
1002237
1002234
1002233
1002235
1002231
1002232
1002238
1002239
1002242
1002241
1002240
1002243
1002244
1002245
1002246
1002252
1002251
1002247
1002249
1002248
1002250
1002253
1002254
1002257
1002256
1002255
1002259
1002258
1002260
1002261
1002262
1002264
1002263
1002265
1002267
1002266
1002268
1002269
1002270
1002271
1002278
1002279
1002272
1002275
1002274
1002276
1002273
1002277
1002280
1002281
1002282
1002285
1002283
1002287
1002284
1002286
1002288
1002290
1002289
1002292
1002293
1002295
1002291
1002294
1002296
1002297
1002298
1002299
1002301
1002300
1002303
1002304
1002305
1002302
1002306
1002307
1002308
1002309
1002311
1002310
1002313
1002312
1002314
1002315
1002317
1002318
1002316
1002321
1002320
1002319
1002327
1002322
1002324
1002325
1002326
1002329
1002328
1002323
1002330
1002332
1002331
1002336
1002335
1002334
1002333
1002337
1002338
1002342
1002341
1002339
1002343
1002345
1002344
1002340
1002347
1002351
1002350
1002348
1002346
1002353
1002352
1002349
1002355
1002354
1002360
1002356
1002359
1002358
1002357
1002361
1002364
1002363
1002362
1002368
1002367
1002366
1002369
1002365
1002370
1002371
1002375
1002379
1002377
1002378
1002376
1002374
1002372
1002373
1002381
1002383
1002385
1002382
1002384
1002380
1002387
1002386
1002388
1002389
1002391
1002393
1002392
1002394
1002390
1002395
1002397
1002396
1002402
1002399
1002398
1002401
1002400
1002403
1002406
1002405
1002404
1002408
1002410
1002409
1002407
1002411
1002415
1002412
1002414
1002413
1002417
1002416
1002418
1002419
1002420
1002421
1002423
1002424
1002427
1002428
1002422
1002429
1002425
1002426
1002435
1002430
1002431
1002437
1002434
1002436
1002433
1002432
1002438
1002441
1002445
1002442
1002440
1002444
1002443
1002439
1002446
1002447
1002448
1002450
1002453
1002449
1002451
1002452
1002454
1002456
1002455
1002460
1002459
1002457
1002458
1002461
1002462
1002469
1002463
1002465
1002464
1002467
1002466
1002468
1002470
1002471
1002479
1002475
1002478
1002474
1002477
1002476
1002472
1002473
1002480
1002481
1002486
1002482
1002483
1002485
1002484
1002487
1002488
1002490
1002491
1002489
1002493
1002492
1002494
1002495
1002496
1002498
1002500
1002497
1002499
1002503
1002501
1002502
1002504
1002507
1002508
1002505
1002506
1002509
1002511
1002510
1002512
1002513
1002518
1002515
1002516
1002514
1002517
1002519
1002520
1002521
1002523
1002529
1002527
1002524
1002528
1002522
1002526
1002525
1002530
1002534
1002537
1002535
1002531
1002532
1002536
1002533
1002541
1002538
1002539
1002540
1002545
1002542
1002544
1002543
1002546
1002549
1002548
1002547
1002550
1002553
1002551
1002552
1002554
1002555
1002558
1002559
1002556
1002557
1002561
1002560
1002562
1002563
1002568
1002569
1002567
1002564
1002566
1002565
1002571
1002570
1002578
1002577
1002573
1002574
1002579
1002576
1002575
1002572
1002582
1002581
1002580
1002584
1002583
1002586
1002585
1002587
1002588
1002591
1002592
1002589
1002590
1002595
1002593
1002594
1002596
1002601
1002597
1002598
1002600
1002599
1002602
1002603
1002607
1002606
1002608
1002604
1002609
1002605
1002610
1002611
1002615
1002614
1002616
1002612
1002613
1002617
1002618
1002619
1002621
1002620
1002624
1002623
1002625
1002622
1002626
1002627
1002629
1002628
1002631
1002630
1002634
1002633
1002632
1002636
1002635
1002637
1002638
1002641
1002639
1002640
1002644
1002642
1002643
1002645
1002646
1002647
1002648
1002650
1002651
1002649
1002652
1002653
1002654
1002655
1002659
1002656
1002660
1002657
1002658
1002661
1002662
1002663
1002665
1002664
1002666
1002667
1002668
1002669
1002670
1002671
1002675
1002678
1002676
1002679
1002677
1002673
1002672
1002674
1002683
1002680
1002686
1002681
1002682
1002687
1002684
1002685
1002688
1002694
1002692
1002689
1002690
1002691
1002693
1002695
1002696
1002698
1002699
1002697
1002700
1002701
1002703
1002702
1002704
1002705
1002707
1002708
1002706
1002709
1002710
1002711
1002712
1002713
1002716
1002714
1002717
1002719
1002718
1002715
1002720
1002721
1002729
1002723
1002722
1002728
1002725
1002724
1002726
1002727
1002730
1002731
1002732
1002733
1002735
1002737
1002736
1002734
1002739
1002738
1002740
1002743
1002745
1002742
1002741
1002744
1002746
1002747
1002749
1002748
1002750
1002753
1002751
1002752
1002754
1002755
1002756
1002757
1002759
1002758
1002761
1002760
1002762
1002763
1002764
1002765
1002769
1002767
1002766
1002770
1002768
1002771
1002779
1002774
1002778
1002777
1002776
1002773
1002772
1002775
1002784
1002780
1002781
1002782
1002783
1002785
1002787
1002786
1002788
1002790
1002792
1002793
1002789
1002791
1002794
1002795
1002798
1002796
1002805
1002802
1002803
1002806
1002804
1002808
1002807
1002809
1002810
1002812
1002811
1002813
1002814
1002815
1002816
1002797
1002799
1002818
1002819
1002800
1002820
1002817
1002821
1002801
1002828
1002824
1002825
1002822
1002829
1002826
1002827
1002823
1002834
1002836
1002830
1002831
1002832
1002837
1002833
1002835
1002840
1002842
1002839
1002838
1002841
1002845
1002844
1002843
1002847
1002850
1002849
1002848
1002852
1002853
1002851
1002846
1002857
1002856
1002854
1002855
1002859
1002858
1002860
1002861
1002864
1002862
1002868
1002863
1002869
1002866
1002867
1002865
1002870
1002871
1002879
1002872
1002874
1002875
1002876
1002878
1002877
1002873
1002881
1002880
1002882
1002885
1002884
1002886
1002883
1002887
1002888
1002889
1002890
1002891
1002895
1002892
1002894
1002893
1002896
1002901
1002897
1002900
1002898
1002899
1002903
1002902
1002904
1002906
1002905
1002907
1002909
1002908
1002910
1002911
1002912
1002914
1002913
1002917
1002915
1002919
1002916
1002918
1002920
1002921
1002923
1002926
1002922
1002925
1002924
1002928
1002927
1002929
1002934
1002930
1002933
1002932
1002931
1002935
1002936
1002937
1002940
1002938
1002939
1002941
1002943
1002942
1002945
1002944
1002946
1002947
1002949
1002950
1002948
1002951
1002953
1002952
1002954
1002955
1002958
1002959
1002956
1002957
1002960
1002961
1002962
1002963
1002964
1002968
1002966
1002969
1002965
1002967
1002970
1002971
1002974
1002972
1002978
1002976
1002973
1002979
1002977
1002975
1002980
1002981
1002983
1002985
1002984
1002987
1002986
1002982
1002988
1002989
1002995
1002990
1002993
1002991
1002994
1002992
1002996
1002997
1002999
1003000
1002998
1003003
1003001
1003002
1003004
1003008
1003005
1003006
1003007
1003011
1003009
1003010
1003012
1003016
1003014
1003013
1003015
1003017
1003019
1003018
1003020
1003021
1003024
1003027
1003022
1003028
1003026
1003025
1003023
1003029
1003030
1003033
1003031
1003037
1003032
1003035
1003036
1003034
1003041
1003038
1003039
1003040
1003044
1003042
1003043
1003045
1003046
1003050
1003047
1003049
1003048
1003051
1003052
1003053
1003056
1003054
1003055
1003058
1003059
1003060
1003057
1003061
1003067
1003064
1003062
1003063
1003065
1003066
1003068
1003069
1003070
1003071
1003079
1003078
1003077
1003075
1003072
1003074
1003076
1003080
1003086
1003084
1003082
1003085
1003083
1003081
1003087
1003088
1003073
1003089
1003090
1003091
1003093
1003092
1003094
1003095
1003096
1003099
1003100
1003098
1003097
1003101
1003102
1003104
1003103
1003107
1003105
1003106
1003109
1003108
1003110
1003112
1003111
1003115
1003114
1003113
1003117
1003116
1003118
1003119
1003120
1003121
1003123
1003124
1003128
1003126
1003129
1003122
1003127
1003125
1003130
1003136
1003132
1003135
1003131
1003133
1003134
1003137
1003138
1003141
1003139
1003140
1003145
1003142
1003143
1003144
1003146
1003147
1003153
1003151
1003150
1003148
1003149
1003152
1003154
1003155
1003158
1003157
1003156
1003159
1003160
1003161
1003162
1003163
1003164
1003166
1003165
1003167
1003168
1003169
1003171
1003170
1003178
1003177
1003172
1003173
1003175
1003174
1003179
1003176
1003184
1003185
1003182
1003183
1003186
1003187
1003180
1003181
1003188
1003192
1003195
1003194
1003191
1003193
1003189
1003190
1003201
1003200
1003198
1003197
1003199
1003196
1003202
1003203
1003204
1003206
1003208
1003207
1003205
1003209
1003210
1003211
1003212
1003216
1003213
1003217
1003214
1003218
1003215
1003219
1003221
1003220
1003224
1003225
1003226
1003222
1003229
1003227
1003228
1003223
1003230
1003233
1003234
1003235
1003231
1003232
1003236
1003237
1003238
1003239
1003240
1003245
1003242
1003243
1003241
1003244
1003246
1003247
1003248
1003253
1003252
1003250
1003251
1003254
1003249
1003256
1003255
1003258
1003257
1003261
1003262
1003260
1003259
1003263
1003264
1003265
1003266
1003267
1003268
1003269
1003270
1003271
1003273
1003276
1003274
1003277
1003275
1003278
1003279
1003272
1003280
1003282
1003281
1003286
1003284
1003283
1003285
1003287
1003291
1003290
1003289
1003288
1003292
1003295
1003293
1003294
1003296
1003302
1003298
1003303
1003297
1003299
1003301
1003300
1003304
1003307
1003305
1003311
1003308
1003309
1003310
1003306
1003312
1003318
1003313
1003315
1003316
1003314
1003317
1003319
1003320
1003321
1003327
1003322
1003329
1003323
1003325
1003328
1003326
1003324
1003330
1003331
1003333
1003337
1003332
1003336
1003335
1003334
1003338
1003339
1003340
1003341
1003345
1003342
1003343
1003344
1003349
1003346
1003347
1003350
1003352
1003348
1003353
1003351
1003354
1003355
1003359
1003356
1003357
1003360
1003358
1003361
1003362
1003363
1003364
1003365
1003366
1003369
1003370
1003368
1003367
1003371
1003374
1003378
1003376
1003372
1003377
1003373
1003375
1003379
1003380
1003381
1003386
1003382
1003383
1003385
1003384
1003387
1003388
1003393
1003391
1003392
1003389
1003390
1003395
1003394
1003396
1003398
1003402
1003401
1003400
1003399
1003397
1003403
1003404
1003405
1003407
1003406
1003408
1003409
1003411
1003410
1003412
1003413
1003419
1003416
1003417
1003418
1003415
1003414
1003420
1003421
1003428
1003424
1003425
1003426
1003422
1003423
1003429
1003427
1003430
1003431
1003432
1003436
1003433
1003434
1003435
1003437
1003438
1003439
1003441
1003440
1003444
1003442
1003445
1003443
1003446
1003448
1003447
1003451
1003449
1003450
1003452
1003453
1003454
1003455
1003456
1003458
1003459
1003457
1003460
1003461
1003463
1003462
1003465
1003464
1003469
1003467
1003466
1003468
1003471
1003470
1003473
1003478
1003479
1003477
1003474
1003476
1003475
1003472
1003480
1003481
1003484
1003486
1003483
1003485
1003482
1003487
1003489
1003490
1003491
1003488
1003494
1003495
1003493
1003492
1003499
1003497
1003496
1003498
1003501
1003500
1003503
1003502
1003505
1003504
1003508
1003510
1003506
1003509
1003507
1003511
1003512
1003513
1003516
1003514
1003517
1003515
1003518
1003519
1003521
1003520
1003523
1003527
1003526
1003522
1003525
1003524
1003528
1003529
1003530
1003532
1003535
1003533
1003537
1003531
1003534
1003536
1003538
1003542
1003540
1003539
1003544
1003541
1003545
1003543
1003546
1003548
1003549
1003547
1003550
1003553
1003552
1003551
1003554
1003555
1003556
1003557
1003558
1003562
1003560
1003561
1003559
1003563
1003564
1003565
1003567
1003566
1003568
1003569
1003570
1003571
1003577
1003579
1003573
1003578
1003572
1003575
1003576
1003574
1003587
1003580
1003585
1003581
1003584
1003586
1003582
1003583
1003588
1003593
1003589
1003591
1003590
1003595
1003594
1003592
1003596
1003597
1003600
1003602
1003598
1003601
1003599
1003603
1003604
1003605
1003606
1003607
1003608
1003610
1003609
1003611
1003612
1003613
1003614
1003617
1003615
1003616
1003619
1003618
1003620
1003621
1003627
1003622
1003626
1003628
1003623
1003629
1003625
1003624
1003630
1003636
1003633
1003631
1003634
1003637
1003635
1003632
1003638
1003642
1003639
1003641
1003640
1003644
1003643
1003645
1003646
1003647
1003648
1003649
1003650
1003653
1003652
1003651
1003655
1003654
1003657
1003656
1003659
1003658
1003661
1003660
1003662
1003663
1003665
1003664
1003667
1003666
1003668
1003670
1003669
1003671
1003675
1003673
1003678
1003672
1003674
1003676
1003679
1003677
1003682
1003681
1003683
1003680
1003685
1003686
1003684
1003687
1003688
1003690
1003689
1003692
1003691
1003693
1003695
1003694
1003696
1003700
1003697
1003699
1003698
1003702
1003701
1003703
1003704
1003710
1003705
1003707
1003709
1003706
1003708
1003712
1003711
1003713
1003718
1003714
1003716
1003717
1003715
1003719
1003720
1003721
1003729
1003727
1003723
1003726
1003725
1003728
1003722
1003724
1003733
1003732
1003731
1003730
1003734
1003736
1003735
1003737
1003738
1003743
1003742
1003741
1003739
1003740
1003745
1003744
1003750
1003746
1003748
1003747
1003749
1003751
1003753
1003752
1003756
1003755
1003754
1003758
1003759
1003757
1003761
1003760
1003764
1003762
1003765
1003763
1003768
1003767
1003766
1003769
1003771
1003770
1003773
1003778
1003775
1003772
1003774
1003779
1003777
1003776
1003781
1003782
1003780
1003786
1003785
1003784
1003783
1003787
1003791
1003790
1003789
1003793
1003792
1003788
1003794
1003795
1003796
1003797
1003798
1003799
1003801
1003800
1003803
1003802
1003804
1003805
1003810
1003806
1003807
1003808
1003809
1003811
1003812
1003814
1003813
1003818
1003817
1003816
1003815
1003819
1003820
1003821
1003826
1003823
1003827
1003825
1003828
1003829
1003824
1003822
1003832
1003830
1003836
1003833
1003834
1003831
1003837
1003835
1003843
1003839
1003841
1003842
1003838
1003844
1003840
1003845
1003846
1003847
1003848
1003849
1003852
1003851
1003853
1003850
1003854
1003855
1003857
1003861
1003856
1003860
1003859
1003858
1003862
1003863
1003865
1003864
1003866
1003867
1003868
1003869
1003870
1003871
1003874
1003875
1003873
1003879
1003872
1003877
1003878
1003876
1003883
1003880
1003881
1003882
1003884
1003887
1003885
1003886
1003888
1003890
1003894
1003889
1003892
1003893
1003891
1003895
1003896
1003898
1003897
1003902
1003901
1003900
1003899
1003903
1003904
1003906
1003905
1003907
1003909
1003910
1003911
1003908
1003912
1003914
1003913
1003919
1003915
1003916
1003917
1003918
1003920
1003921
1003928
1003922
1003929
1003924
1003927
1003923
1003926
1003925
1003930
1003931
1003932
1003934
1003935
1003933
1003937
1003936
1003938
1003939
1003940
1003945
1003943
1003941
1003944
1003942
1003946
1003947
1003948
1003950
1003951
1003953
1003949
1003952
1003955
1003954
1003956
1003957
1003959
1003962
1003961
1003960
1003958
1003963
1003964
1003967
1003969
1003968
1003971
1003965
1003966
1003970
1003972
1003973
1003979
1003975
1003974
1003978
1003976
1003977
1003980
1003981
1003987
1003985
1003984
1003983
1003982
1003986
1003988
1003990
1003989
1003992
1003991
1003994
1003993
1003995
1003996
1003997
1003998
1003999
1004000
1004002
1004003
1004001
1004004
1004006
1004005
1004007
1004008
1004012
1004009
1004011
1004010
1004014
1004017
1004013
1004016
1004015
1004018
1004020
1004019
1004021
1004027
1004025
1004024
1004029
1004023
1004022
1004028
1004026
1004031
1004037
1004033
1004030
1004036
1004035
1004032
1004034
1004038
1004039
1004040
1004044
1004041
1004042
1004043
1004045
1004046
1004048
1004049
1004047
1004052
1004050
1004051
1004053
1004056
1004054
1004055
1004058
1004063
1004057
1004060
1004061
1004059
1004064
1004062
1004070
1004065
1004071
1004072
1004074
1004073
1004066
1004075
1004076
1004068
1004077
1004079
1004080
1004081
1004082
1004078
1004083
1004084
1004085
1004086
1004087
1004088
1004090
1004089
1004091
1004093
1004094
1004095
1004096
1004097
1004098
1004099
1004101
1004100
1004102
1004104
1004067
1004105
1004106
1004103
1004069
1004092
1004110
1004113
1004107
1004108
1004112
1004109
1004114
1004111
1004115
1004116
1004119
1004120
1004117
1004118
1004121
1004122
1004124
1004123
1004127
1004126
1004125
1004128
1004129
1004130
1004131
1004132
1004135
1004134
1004133
1004137
1004136
1004138
1004139
1004141
1004140
1004143
1004142
1004145
1004146
1004144
1004147
1004148
1004149
1004150
1004151
1004153
1004152
1004154
1004155
1004156
1004163
1004162
1004159
1004157
1004160
1004161
1004158
1004165
1004166
1004168
1004167
1004169
1004170
1004171
1004172
1004173
1004177
1004174
1004175
1004176
1004178
1004179
1004180
1004181
1004184
1004182
1004183
1004185
1004187
1004188
1004190
1004191
1004192
1004193
1004194
1004197
1004195
1004196
1004198
1004199
1004200
1004201
1004202
1004203
1004204
1004205
1004206
1004164
1004186
1004189
1004207
1004214
1004209
1004211
1004208
1004212
1004210
1004219
1004218
1004217
1004216
1004220
1004215
1004221
1004222
1004223
1004228
1004224
1004227
1004226
1004225
1004229
1004231
1004230
1004232
1004233
1004235
1004234
1004237
1004239
1004238
1004242
1004240
1004213
1004241
1004236
1004243
1004244
1004245
1004246
1004250
1004251
1004249
1004247
1004248
1004252
1004253
1004254
1004255
1004256
1004259
1004261
1004263
1004264
1004257
1004258
1004262
1004265
1004270
1004271
1004266
1004269
1004267
1004268
1004272
1004274
1004275
1004273
1004276
1004277
1004278
1004279
1004281
1004283
1004280
1004282
1004284
1004285
1004288
1004286
1004287
1004290
1004289
1004292
1004294
1004293
1004295
1004296
1004298
1004297
1004299
1004300
1004301
1004302
1004304
1004303
1004305
1004306
1004260
1004291
1004311
1004314
1004312
1004307
1004313
1004310
1004308
1004309
1004315
1004316
1004322
1004318
1004321
1004320
1004317
1004319
1004323
1004324
1004325
1004326
1004327
1004330
1004329
1004328
1004331
1004332
1004333
1004334
1004338
1004337
1004335
1004336
1004340
1004339
1004341
1004342
1004345
1004343
1004346
1004348
1004347
1004349
1004350
1004351
1004352
1004353
1004355
1004354
1004356
1004344
1004357
1004363
1004362
1004361
1004358
1004364
1004360
1004359
1004369
1004366
1004367
1004365
1004368
1004370
1004372
1004371
1004375
1004376
1004373
1004374
1004378
1004380
1004377
1004379
1004381
1004382
1004384
1004383
1004385
1004386
1004388
1004387
1004389
1004390
1004392
1004391
1004394
1004393
1004396
1004397
1004399
1004398
1004400
1004403
1004401
1004402
1004404
1004405
1004406
1004395
1004410
1004407
1004408
1004409
1004413
1004412
1004411
1004414
1004415
1004417
1004420
1004416
1004421
1004418
1004419
1004422
1004423
1004425
1004424
1004426
1004429
1004428
1004427
1004430
1004431
1004436
1004434
1004432
1004437
1004433
1004438
1004435
1004439
1004442
1004444
1004440
1004441
1004446
1004443
1004445
1004447
1004448
1004451
1004449
1004450
1004452
1004453
1004454
1004456
1004455
1004460
1004464
1004463
1004462
1004458
1004457
1004459
1004461
1004468
1004465
1004466
1004472
1004467
1004469
1004471
1004470
1004473
1004475
1004476
1004474
1004478
1004477
1004480
1004479
1004481
1004482
1004483
1004488
1004484
1004487
1004486
1004485
1004489
1004490
1004491
1004493
1004492
1004494
1004496
1004495
1004497
1004499
1004500
1004498
1004501
1004505
1004504
1004502
1004503
1004506
1004509
1004508
1004512
1004507
1004510
1004513
1004511
1004514
1004519
1004515
1004517
1004522
1004520
1004521
1004518
1004523
1004525
1004524
1004528
1004526
1004527
1004529
1004531
1004530
1004532
1004533
1004534
1004535
1004536
1004537
1004538
1004539
1004541
1004542
1004543
1004540
1004544
1004545
1004547
1004546
1004549
1004550
1004548
1004551
1004554
1004552
1004553
1004555
1004556
1004516
1004559
1004562
1004564
1004563
1004557
1004561
1004558
1004560
1004569
1004566
1004565
1004572
1004571
1004570
1004573
1004574
1004575
1004577
1004576
1004578
1004579
1004581
1004580
1004582
1004584
1004583
1004585
1004586
1004587
1004588
1004589
1004590
1004591
1004594
1004593
1004595
1004592
1004596
1004597
1004599
1004598
1004601
1004600
1004602
1004603
1004605
1004604
1004606
1004567
1004568
1004610
1004607
1004611
1004613
1004612
1004614
1004609
1004608
1004615
1004616
1004619
1004620
1004618
1004621
1004622
1004617
1004625
1004623
1004624
1004626
1004627
1004628
1004629
1004630
1004631
1004634
1004632
1004633
1004637
1004636
1004635
1004638
1004645
1004644
1004641
1004640
1004642
1004639
1004643
1004646
1004647
1004650
1004649
1004648
1004651
1004652
1004653
1004654
1004655
1004656
1004662
1004663
1004659
1004660
1004658
1004657
1004661
1004664
1004665
1004666
1004669
1004670
1004672
1004671
1004667
1004676
1004675
1004673
1004674
1004677
1004679
1004678
1004680
1004682
1004684
1004683
1004685
1004681
1004686
1004687
1004688
1004689
1004690
1004691
1004692
1004693
1004694
1004695
1004696
1004698
1004697
1004700
1004699
1004701
1004702
1004703
1004704
1004705
1004706
1004668
1004711
1004710
1004708
1004707
1004709
1004712
1004714
1004713
1004715
1004717
1004719
1004716
1004720
1004722
1004721
1004718
1004724
1004723
1004728
1004727
1004729
1004725
1004726
1004730
1004731
1004732
1004733
1004734
1004736
1004735
1004738
1004737
1004740
1004743
1004739
1004744
1004741
1004746
1004745
1004742
1004750
1004747
1004748
1004752
1004749
1004751
1004754
1004753
1004755
1004756
1004757
1004763
1004759
1004761
1004762
1004760
1004764
1004758
1004765
1004767
1004766
1004768
1004772
1004769
1004771
1004770
1004775
1004776
1004773
1004777
1004779
1004780
1004778
1004774
1004781
1004782
1004783
1004785
1004784
1004788
1004786
1004787
1004789
1004790
1004791
1004793
1004794
1004792
1004796
1004795
1004797
1004798
1004799
1004801
1004802
1004800
1004805
1004804
1004803
1004806
1004807
1004812
1004814
1004811
1004809
1004810
1004813
1004808
1004815
1004818
1004819
1004821
1004817
1004816
1004820
1004822
1004823
1004825
1004824
1004826
1004828
1004829
1004830
1004831
1004832
1004834
1004837
1004835
1004836
1004833
1004838
1004839
1004844
1004843
1004841
1004840
1004842
1004845
1004846
1004848
1004849
1004851
1004850
1004847
1004853
1004852
1004855
1004854
1004856
1004827
1004861
1004859
1004864
1004857
1004860
1004862
1004858
1004863
1004865
1004871
1004869
1004866
1004870
1004867
1004868
1004872
1004876
1004875
1004879
1004877
1004874
1004873
1004880
1004878
1004881
1004886
1004882
1004884
1004888
1004883
1004885
1004887
1004889
1004896
1004891
1004890
1004892
1004894
1004893
1004895
1004897
1004898
1004901
1004902
1004900
1004903
1004904
1004906
1004905
1004899
1004907
1004913
1004911
1004910
1004914
1004908
1004909
1004912
1004915
1004918
1004916
1004917
1004922
1004919
1004920
1004921
1004923
1004924
1004925
1004926
1004928
1004929
1004930
1004927
1004931
1004935
1004936
1004934
1004932
1004933
1004937
1004938
1004940
1004941
1004943
1004939
1004944
1004942
1004946
1004945
1004947
1004950
1004948
1004949
1004951
1004952
1004954
1004953
1004955
1004956
1004961
1004958
1004957
1004964
1004960
1004963
1004962
1004965
1004966
1004967
1004968
1004970
1004969
1004971
1004974
1004972
1004973
1004976
1004975
1004978
1004977
1004980
1004979
1004981
1004983
1004982
1004984
1004985
1004986
1004988
1004987
1004989
1004990
1004991
1004992
1004993
1004994
1004997
1004996
1004995
1004998
1004999
1005356
1005358
1005357
1005360
1005359
1005361
1005362
1004959
1005368
1005370
1005367
1005363
1005369
1005364
1005366
1005365
1005371
1005372
1005376
1005374
1005373
1005375
1005377
1005378
1005381
1005380
1005382
1005384
1005385
1005383
1005386
1005390
1005387
1005389
1005392
1005388
1005391
1005393
1005394
1005395
1005396
1005400
1005398
1005399
1005397
1005401
1005405
1005407
1005403
1005404
1005406
1005402
1005408
1005410
1005409
1005411
1005412
1005379
1005414
1005420
1005418
1005415
1005416
1005417
1005413
1005419
1005421
1005422
1005423
1005424
1005427
1005425
1005426
1005428
1005430
1005429
1005431
1005432
1005434
1005433
1005436
1005435
1005437
1005438
1005439
1005442
1005440
1005441
1005444
1005443
1005445
1005446
1005447
1005453
1005448
1005449
1005451
1005450
1005452
1005454
1005455
1005456
1005459
1005458
1005457
1005460
1005461
1005462
1005463
1005469
1005464
1005466
1005465
1005467
1005468
1005470
1005478
1005472
1005471
1005473
1005475
1005476
1005477
1005474
1005483
1005480
1005486
1005481
1005485
1005484
1005482
1005479
1005487
1005492
1005489
1005490
1005488
1005493
1005491
1005494
1005500
1005496
1005497
1005495
1005502
1005498
1005501
1005499
1005503
1005508
1005510
1005507
1005505
1005504
1005506
1005509
1005511
1005512
1005519
1005515
1005513
1005514
1005520
1005518
1005516
1005517
1005528
1005524
1005523
1005522
1005521
1005526
1005525
1005527
1005529
1005532
1005531
1005530
1005536
1005535
1005534
1005533
1005537
1005539
1005538
1005541
1005543
1005542
1005544
1005540
1005547
1005551
1005546
1005549
1005550
1005552
1005553
1005555
1005554
1005556
1005557
1005558
1005559
1005560
1005561
1005562
1005545
1005548
1005566
1005569
1005563
1005567
1005565
1005570
1005568
1005564
1005572
1005571
1005573
1005574
1005576
1005577
1005575
1005578
1005581
1005579
1005580
1005583
1005582
1005584
1005586
1005587
1005589
1005588
1005590
1005591
1005592
1005593
1005594
1005595
1005596
1005599
1005597
1005598
1005600
1005601
1005603
1005602
1005604
1005605
1005608
1005606
1005607
1005609
1005611
1005612
1005585
1005610
1005613
1005619
1005617
1005614
1005616
1005620
1005618
1005615
1005621
1005622
1005627
1005624
1005628
1005623
1005626
1005625
1005629
1005630
1005634
1005633
1005631
1005635
1005632
1005636
1005638
1005639
1005637
1005640
1005642
1005641
1005643
1005645
1005646
1005650
1005647
1005648
1005649
1005651
1005652
1005653
1005654
1005655
1005656
1005658
1005657
1005660
1005662
1005659
1005661
1005644
1005670
1005665
1005667
1005666
1005668
1005663
1005669
1005664
1005677
1005671
1005674
1005676
1005678
1005672
1005675
1005673
1005679
1005681
1005684
1005683
1005680
1005682
1005686
1005685
1005687
1005688
1005691
1005689
1005692
1005694
1005693
1005690
1005695
1005696
1005700
1005701
1005698
1005702
1005697
1005699
1005703
1005704
1005705
1005706
1005709
1005707
1005708
1005710
1005711
1005712
1005719
1005716
1005715
1005713
1005717
1005714
1005720
1005718
1005721
1005722
1005728
1005723
1005726
1005724
1005725
1005727
1005729
1005732
1005730
1005731
1005733
1005734
1005736
1005735
1005737
1005738
1005739
1005740
1005741
1005742
1005744
1005743
1005746
1005745
1005749
1005747
1005748
1005750
1005751
1005752
1005755
1005754
1005753
1005756
1005757
1005758
1005759
1005760
1005761
1005762
1005768
1005769
1005763
1005765
1005764
1005766
1005770
1005767
1005772
1005771
1005775
1005773
1005774
1005778
1005776
1005777
1005779
1005782
1005783
1005780
1005781
1005784
1005785
1005786
1005790
1005787
1005789
1005788
1005791
1005793
1005792
1005794
1005795
1005797
1005798
1005796
1005799
1005800
1005801
1005802
1005803
1005804
1005807
1005806
1005805
1005809
1005808
1005810
1005812
1005811
1005818
1005820
1005814
1005813
1005816
1005819
1005817
1005815
1005823
1005821
1005822
1005825
1005824
1005828
1005826
1005827
1005830
1005833
1005829
1005836
1005835
1005832
1005834
1005831
1005837
1005843
1005839
1005841
1005842
1005840
1005838
1005844
1005845
1005846
1005847
1005848
1005851
1005852
1005849
1005850
1005853
1005854
1005856
1005860
1005859
1005857
1005858
1005861
1005862
1005855
1005869
1005864
1005865
1005870
1005863
1005867
1005868
1005866
1005871
1005872
1005874
1005873
1005875
1005876
1005878
1005877
1005879
1005880
1005881
1005885
1005882
1005886
1005884
1005883
1005889
1005887
1005888
1005890
1005891
1005892
1005893
1005894
1005895
1005896
1005897
1005899
1005898
1005902
1005900
1005901
1005904
1005905
1005903
1005910
1005909
1005907
1005906
1005908
1005912
1005911
1005918
1005914
1005919
1005913
1005920
1005915
1005917
1005916
1005924
1005925
1005921
1005922
1005927
1005926
1005928
1005923
1005929
1005933
1005930
1005932
1005934
1005936
1005931
1005935
1005937
1005938
1005941
1005939
1005940
1005942
1005943
1005944
1005945
1005946
1005950
1005948
1005949
1005952
1005947
1005951
1005953
1005955
1005954
1005959
1005957
1005958
1005956
1005960
1005961
1005962
1005967
1005965
1005969
1005968
1005964
1005970
1005966
1005963
1005971
1005972
1005977
1005975
1005973
1005978
1005976
1005974
1005979
1005980
1005981
1005983
1005982
1005985
1005986
1005987
1005988
1005989
1005990
1005991
1005993
1005992
1005996
1005994
1005995
1005997
1006000
1005999
1005998
1006001
1006003
1006002
1006004
1006005
1006006
1006007
1006008
1006010
1006009
1006011
1006012
1005984
1006017
1006019
1006015
1006018
1006020
1006013
1006014
1006016
1006023
1006025
1006022
1006021
1006024
1006026
1006027
1006028
1006030
1006031
1006029
1006032
1006034
1006036
1006033
1006035
1006040
1006037
1006044
1006039
1006042
1006043
1006038
1006041
1006047
1006048
1006045
1006046
1006050
1006049
1006052
1006051
1006055
1006053
1006056
1006054
1006058
1006059
1006057
1006060
1006062
1006061
1006069
1006065
1006067
1006063
1006070
1006064
1006066
1006068
1006072
1006071
1006073
1006077
1006078
1006076
1006074
1006075
1006079
1006080
1006081
1006085
1006082
1006083
1006086
1006084
1006087
1006088
1006089
1006092
1006090
1006091
1006094
1006093
1006095
1006096
1006098
1006097
1006099
1006101
1006100
1006102
1006106
1006105
1006103
1006104
1006107
1006108
1006109
1006110
1006112
1006111
1006114
1006115
1006120
1006116
1006118
1006113
1006119
1006117
1006121
1006126
1006123
1006122
1006124
1006127
1006128
1006125
1006134
1006130
1006131
1006129
1006133
1006132
1006136
1006135
1006138
1006139
1006141
1006137
1006143
1006140
1006142
1006144
1006145
1006146
1006149
1006148
1006151
1006147
1006150
1006152
1006153
1006154
1006156
1006159
1006155
1006158
1006157
1006160
1006161
1006162
1006165
1006167
1006163
1006168
1006169
1006164
1006170
1006166
1006171
1006175
1006176
1006172
1006178
1006174
1006173
1006177
1006179
1006180
1006183
1006181
1006184
1006182
1006185
1006186
1006187
1006188
1006189
1006192
1006190
1006191
1006194
1006193
1006195
1006197
1006196
1006202
1006199
1006198
1006201
1006200
1006204
1006203
1006205
1006209
1006207
1006206
1006208
1006210
1006211
1006212
1006217
1006219
1006218
1006215
1006214
1006216
1006213
1006221
1006222
1006223
1006225
1006227
1006226
1006224
1006228
1006229
1006230
1006231
1006233
1006232
1006234
1006235
1006236
1006237
1006238
1006241
1006240
1006239
1006243
1006245
1006242
1006244
1006246
1006247
1006248
1006249
1006250
1006251
1006252
1006253
1006254
1006255
1006256
1006257
1006258
1006259
1006262
1006260
1006261
1006220
1006265
1006264
1006263
1006266
1006270
1006268
1006267
1006269
1006271
1006273
1006272
1006276
1006277
1006274
1006278
1006275
1006279
1006280
1006281
1006286
1006285
1006282
1006284
1006283
1006287
1006288
1006290
1006289
1006291
1006293
1006294
1006292
1006295
1006297
1006296
1006302
1006298
1006300
1006299
1006301
1006303
1006304
1006309
1006306
1006305
1006307
1006308
1006310
1006311
1006312
1006317
1006318
1006314
1006315
1006319
1006320
1006313
1006316
1006322
1006325
1006321
1006328
1006323
1006324
1006326
1006327
1006329
1006330
1006333
1006331
1006336
1006334
1006332
1006335
1006337
1006339
1006340
1006338
1006343
1006344
1006342
1006345
1006346
1006351
1006348
1006347
1006350
1006349
1006352
1006353
1006354
1006355
1006358
1006356
1006357
1006362
1006359
1006360
1006361
1006341
1006364
1006368
1006366
1006370
1006367
1006363
1006369
1006365
1006376
1006372
1006373
1006371
1006377
1006374
1006375
1006378
1006380
1006379
1006381
1006382
1006384
1006385
1006383
1006386
1006387
1006388
1006390
1006389
1006391
1006392
1006393
1006394
1006395
1006396
1006397
1006398
1006400
1006399
1006401
1006402
1006404
1006403
1006405
1006406
1006407
1006409
1006408
1006410
1006411
1006412
1006419
1006416
1006413
1006417
1006415
1006420
1006414
1006418
1006421
1006423
1006422
1006425
1006426
1006424
1006428
1006427
1006429
1006430
1006431
1006434
1006433
1006435
1006432
1006436
1006437
1006439
1006438
1006441
1006440
1006442
1006443
1006444
1006445
1006447
1006446
1006448
1006449
1006450
1006451
1006452
1006455
1006453
1006456
1006454
1006458
1006457
1006460
1006459
1006462
1006461
1006467
1006464
1006468
1006466
1006469
1006470
1006463
1006465
1006471
1006473
1006476
1006475
1006472
1006478
1006474
1006477
1006479
1006484
1006480
1006481
1006486
1006483
1006482
1006485
1006487
1006488
1006489
1006491
1006490
1006493
1006494
1006492
1006495
1006496
1006497
1006498
1006500
1006499
1006502
1006501
1006503
1006504
1006508
1006506
1006507
1006511
1006509
1006510
1006512
1006516
1006515
1006514
1006517
1006518
1006519
1006513
1006523
1006520
1006521
1006525
1006526
1006524
1006522
1006528
1006531
1006530
1006529
1006533
1006532
1006534
1006539
1006537
1006535
1006536
1006538
1006540
1006543
1006542
1006544
1006541
1006546
1006545
1006547
1006548
1006550
1006549
1006551
1006552
1006553
1006554
1006556
1006555
1006558
1006557
1006559
1006561
1006505
1006560
1006527
1006566
1006565
1006564
1006563
1006562
1006569
1006567
1006568
1006570
1006571
1006574
1006573
1006572
1006576
1006575
1006577
1006578
1006579
1006580
1006585
1006581
1006583
1006584
1006582
1006586
1006589
1006587
1006588
1006591
1006593
1006592
1006595
1006594
1006600
1006597
1006599
1006596
1006601
1006598
1006602
1006606
1006603
1006604
1006605
1006607
1006608
1006609
1006611
1006610
1006590
1006618
1006613
1006619
1006616
1006612
1006614
1006615
1006617
1006627
1006625
1006621
1006620
1006626
1006622
1006623
1006624
1006628
1006630
1006631
1006634
1006635
1006632
1006633
1006629
1006636
1006637
1006640
1006643
1006641
1006642
1006638
1006639
1006645
1006644
1006646
1006647
1006651
1006649
1006648
1006650
1006652
1006653
1006654
1006655
1006658
1006656
1006659
1006657
1006660
1006661
1006667
1006666
1006668
1006664
1006663
1006662
1006665
1006670
1006672
1006675
1006671
1006676
1006673
1006674
1006677
1006679
1006678
1006681
1006680
1006682
1006683
1006684
1006686
1006685
1006687
1006690
1006689
1006688
1006693
1006691
1006694
1006692
1006696
1006695
1006697
1006698
1006699
1006702
1006703
1006700
1006701
1006704
1006705
1006706
1006709
1006707
1006708
1006710
1006711
1006669
1006719
1006718
1006715
1006713
1006717
1006714
1006716
1006712
1006723
1006722
1006720
1006721
1006727
1006726
1006724
1006725
1006728
1006734
1006730
1006729
1006732
1006735
1006731
1006733
1006736
1006737
1006742
1006743
1006741
1006739
1006738
1006740
1006744
1006745
1006746
1006747
1006749
1006750
1006751
1006748
1006752
1006754
1006758
1006756
1006755
1006757
1006759
1006760
1006761
1006753
1006763
1006762
1006766
1006764
1006769
1006768
1006767
1006765
1006774
1006770
1006771
1006777
1006772
1006775
1006773
1006776
1006778
1006780
1006779
1006784
1006782
1006781
1006783
1006785
1006786
1006792
1006788
1006787
1006793
1006790
1006789
1006791
1006794
1006795
1006796
1006799
1006800
1006797
1006798
1006801
1006802
1006803
1006805
1006806
1006804
1006807
1006808
1006809
1006810
1006811
1006818
1006814
1006817
1006813
1006815
1006812
1006816
1006819
1006822
1006823
1006820
1006827
1006821
1006825
1006824
1006826
1006829
1006828
1006830
1006831
1006833
1006832
1006835
1006834
1006837
1006836
1006840
1006839
1006838
1006842
1006843
1006841
1006851
1006847
1006848
1006846
1006844
1006849
1006845
1006850
1006852
1006857
1006854
1006855
1006853
1006858
1006859
1006856
1006860
1006861
1006868
1006865
1006862
1006863
1006869
1006864
1006866
1006867
1006873
1006871
1006875
1006877
1006872
1006874
1006876
1006880
1006879
1006883
1006878
1006881
1006884
1006882
1006885
1006889
1006888
1006886
1006887
1006891
1006890
1006892
1006897
1006895
1006893
1006896
1006894
1006898
1006899
1006900
1006901
1006902
1006903
1006904
1006905
1006907
1006906
1006908
1006909
1006910
1006911
1006870
1006915
1006913
1006916
1006914
1006919
1006912
1006918
1006917
1006922
1006920
1006923
1006921
1006924
1006927
1006926
1006925
1006931
1006929
1006932
1006930
1006928
1006933
1006934
1006935
1006943
1006936
1006937
1006938
1006940
1006939
1006941
1006942
1006948
1006944
1006947
1006946
1006945
1006951
1006949
1006950
1006955
1006952
1006953
1006956
1006954
1006959
1006957
1006958
1006960
1006961
1006964
1006962
1006963
1006965
1006969
1006966
1006967
1006974
1006971
1006972
1006970
1006973
1006975
1006976
1006977
1006981
1006978
1006980
1006982
1006979
1006983
1006984
1006989
1006985
1006988
1006987
1006986
1006990
1006993
1006991
1006992
1006996
1006995
1006994
1006997
1006998
1007001
1007000
1006999
1007002
1007004
1007003
1007005
1007006
1007008
1007007
1007011
1007010
1007009
1006968
1007019
1007013
1007016
1007014
1007017
1007012
1007018
1007015
1007020
1007026
1007023
1007022
1007025
1007021
1007027
1007024
1007028
1007035
1007029
1007033
1007032
1007031
1007034
1007030
1007036
1007037
1007038
1007040
1007039
1007041
1007043
1007042
1007044
1007045
1007048
1007047
1007046
1007049
1007050
1007051
1007052
1007056
1007053
1007057
1007055
1007054
1007058
1007059
1007060
1007061
1007066
1007063
1007068
1007069
1007062
1007067
1007064
1007065
1007071
1007070
1007075
1007074
1007073
1007077
1007076
1007072
1007078
1007079
1007081
1007080
1007085
1007084
1007083
1007082
1007086
1007087
1007088
1007089
1007091
1007090
1007092
1007093
1007094
1007096
1007095
1007097
1007098
1007100
1007099
1007102
1007101
1007103
1007106
1007105
1007104
1007107
1007108
1007110
1007109
1007111
1007113
1007117
1007119
1007118
1007115
1007116
1007114
1007112
1007121
1007126
1007120
1007125
1007127
1007122
1007123
1007124
1007128
1007129
1007134
1007130
1007135
1007132
1007131
1007133
1007136
1007137
1007138
1007139
1007142
1007141
1007143
1007144
1007140
1007148
1007145
1007146
1007147
1007149
1007150
1007151
1007152
1007153
1007154
1007155
1007156
1007157
1007159
1007161
1007160
1007158
1007167
1007166
1007162
1007169
1007165
1007164
1007168
1007163
1007171
1007170
1007176
1007172
1007174
1007173
1007177
1007175
1007178
1007179
1007180
1007181
1007185
1007182
1007183
1007184
1007186
1007187
1007188
1007193
1007192
1007190
1007189
1007191
1007194
1007195
1007196
1007198
1007199
1007201
1007197
1007200
1007202
1007203
1007204
1007207
1007208
1007206
1007209
1007205
1007210
1007211
1007216
1007214
1007219
1007215
1007218
1007212
1007213
1007217
1007220
1007222
1007227
1007225
1007221
1007224
1007226
1007228
1007229
1007231
1007232
1007230
1007233
1007234
1007235
1007237
1007236
1007238
1007240
1007239
1007241
1007242
1007243
1007245
1007244
1007247
1007246
1007249
1007248
1007250
1007251
1007252
1007254
1007253
1007255
1007256
1007258
1007257
1007259
1007261
1007260
1007223
1007266
1007263
1007267
1007269
1007264
1007265
1007268
1007262
1007272
1007270
1007273
1007271
1007274
1007277
1007275
1007276
1007278
1007280
1007279
1007283
1007281
1007282
1007284
1007285
1007287
1007286
1007288
1007290
1007291
1007293
1007289
1007294
1007295
1007296
1007297
1007298
1007300
1007299
1007301
1007305
1007304
1007302
1007303
1007306
1007307
1007311
1007308
1007310
1007309
1007292
1007317
1007312
1007319
1007313
1007318
1007315
1007314
1007316
1007320
1007321
1007323
1007322
1007324
1007325
1007326
1007327
1007329
1007328
1007330
1007331
1007333
1007332
1007334
1007335
1007337
1007336
1007338
1007340
1007339
1007342
1007341
1007343
1007345
1007344
1007346
1007347
1007348
1007349
1007350
1007352
1007351
1007353
1007354
1007356
1007355
1007357
1007358
1007359
1007361
1007360
1007368
1007364
1007362
1007367
1007366
1007363
1007365
1007369
1007375
1007373
1007371
1007372
1007370
1007376
1007374
1007377
1007379
1007384
1007383
1007385
1007380
1007378
1007382
1007381
1007386
1007388
1007387
1007389
1007392
1007391
1007390
1007397
1007396
1007394
1007395
1007398
1007399
1007400
1007401
1007402
1007403
1007405
1007406
1007404
1007407
1007409
1007408
1007410
1007411
1007393
1007415
1007418
1007417
1007416
1007419
1007414
1007413
1007412
1007423
1007426
1007420
1007422
1007421
1007425
1007427
1007424
1007429
1007428
1007434
1007432
1007433
1007430
1007431
1007435
1007436
1007437
1007442
1007438
1007439
1007441
1007443
1007440
1007445
1007447
1007444
1007446
1007451
1007450
1007448
1007449
1007452
1007453
1007454
1007455
1007458
1007456
1007459
1007457
1007460
1007461
1007462
1007467
1007463
1007465
1007464
1007468
1007469
1007466
1007471
1007470
1007472
1007476
1007475
1007474
1007477
1007473
1007478
1007481
1007479
1007480
1007482
1007484
1007483
1007485
1007486
1007488
1007487
1007493
1007490
1007491
1007492
1007489
1007494
1007495
1007496
1007499
1007497
1007498
1007500
1007501
1007502
1007503
1007506
1007504
1007507
1007505
1007508
1007509
1007510
1007511
1007516
1007512
1007515
1007519
1007513
1007517
1007514
1007518
1007520
1007522
1007521
1007524
1007526
1007527
1007525
1007523
1007528
1007529
1007532
1007531
1007534
1007530
1007533
1007535
1007536
1007537
1007540
1007543
1007539
1007542
1007538
1007541
1007545
1007544
1007546
1007547
1007548
1007551
1007549
1007550
1007553
1007552
1007555
1007554
1007558
1007556
1007559
1007557
1007561
1007560
1007566
1007563
1007564
1007565
1007562
1007569
1007567
1007568
1007570
1007576
1007575
1007574
1007571
1007572
1007577
1007573
1007578
1007579
1007580
1007581
1007583
1007585
1007584
1007582
1007586
1007592
1007587
1007590
1007591
1007588
1007589
1007593
1007594
1007595
1007597
1007596
1007599
1007598
1007601
1007600
1007602
1007603
1007607
1007604
1007605
1007606
1007608
1007609
1007610
1007611
1007615
1007613
1007616
1007619
1007618
1007612
1007614
1007617
1007624
1007621
1007622
1007620
1007623
1007626
1007627
1007625
1007628
1007633
1007629
1007631
1007634
1007632
1007630
1007635
1007636
1007638
1007640
1007637
1007642
1007639
1007641
1007643
1007645
1007644
1007648
1007647
1007646
1007649
1007650
1007651
1007653
1007652
1007655
1007654
1007656
1007659
1007657
1007658
1007660
1007661
1007667
1007662
1007664
1007668
1007663
1007666
1007665
1007669
1007670
1007672
1007676
1007675
1007674
1007673
1007677
1007671
1007678
1007679
1007682
1007680
1007685
1007684
1007683
1007681
1007687
1007686
1007688
1007689
1007692
1007693
1007691
1007694
1007696
1007695
1007697
1007698
1007699
1007700
1007701
1007702
1007703
1007704
1007706
1007705
1007707
1007708
1007710
1007711
1007709
1007690
1007714
1007718
1007715
1007717
1007712
1007719
1007716
1007713
1007727
1007721
1007724
1007726
1007722
1007720
1007723
1007730
1007728
1007729
1007734
1007733
1007732
1007731
1007736
1007735
1007737
1007738
1007739
1007740
1007741
1007742
1007746
1007743
1007745
1007744
1007748
1007749
1007750
1007752
1007754
1007753
1007751
1007757
1007758
1007755
1007756
1007760
1007759
1007761
1007725
1007747
1007767
1007762
1007764
1007765
1007763
1007768
1007766
1007769
1007773
1007771
1007770
1007772
1007776
1007774
1007777
1007775
1007778
1007780
1007781
1007782
1007779
1007784
1007785
1007783
1007788
1007786
1007791
1007792
1007793
1007789
1007787
1007790
1007794
1007795
1007796
1007798
1007797
1007800
1007801
1007799
1007802
1007805
1007806
1007804
1007803
1007807
1007809
1007808
1007810
1007811
1007819
1007815
1007813
1007816
1007817
1007814
1007818
1007812
1007820
1007821
1007822
1007826
1007825
1007827
1007823
1007824
1007830
1007828
1007829
1007832
1007834
1007833
1007835
1007836
1007837
1007839
1007841
1007838
1007842
1007843
1007844
1007845
1007847
1007848
1007846
1007849
1007851
1007850
1007852
1007853
1007854
1007855
1007857
1007856
1007858
1007859
1007860
1007861
1007831
1007840
1007866
1007864
1007863
1007865
1007869
1007867
1007868
1007862
1007874
1007875
1007873
1007870
1007876
1007877
1007871
1007872
1007884
1007881
1007879
1007878
1007880
1007882
1007883
1007885
1007887
1007890
1007886
1007889
1007892
1007888
1007893
1007891
1007894
1007897
1007898
1007900
1007899
1007896
1007895
1007901
1007902
1007903
1007905
1007904
1007907
1007908
1007906
1007909
1007911
1007910
1007917
1007916
1007915
1007912
1007919
1007913
1007914
1007918
1007920
1007921
1007923
1007922
1007925
1007924
1007927
1007926
1007929
1007928
1007933
1007930
1007934
1007931
1007935
1007932
1007938
1007937
1007936
1007939
1007940
1007943
1007942
1007941
1007944
1007946
1007947
1007945
1007951
1007949
1007950
1007948
1007953
1007952
1007956
1007955
1007954
1007958
1007959
1007957
1007960
1007961
1007967
1007968
1007966
1007965
1007969
1007963
1007964
1007962
1007971
1007970
1007972
1007977
1007974
1007976
1007973
1007975
1007979
1007978
1007982
1007981
1007980
1007984
1007983
1007985
1007986
1007989
1007987
1007988
1007991
1007990
1007992
1007993
1007994
1007995
1007999
1008001
1007998
1007996
1008000
1007997
1008002
1008004
1008005
1008003
1008007
1008008
1008006
1008009
1008010
1008011
1008017
1008016
1008018
1008014
1008015
1008019
1008013
1008012
1008020
1008022
1008021
1008023
1008026
1008025
1008027
1008024
1008028
1008030
1008031
1008033
1008034
1008032
1008035
1008036
1008040
1008039
1008041
1008037
1008042
1008043
1008046
1008045
1008048
1008047
1008044
1008049
1008053
1008050
1008054
1008055
1008056
1008057
1008058
1008059
1008061
1008029
1008038
1008051
1008052
1008060
1008066
1008063
1008065
1008068
1008064
1008069
1008067
1008062
1008070
1008076
1008074
1008075
1008072
1008073
1008071
1008077
1008078
1008079
1008080
1008084
1008081
1008085
1008083
1008086
1008087
1008092
1008088
1008091
1008089
1008093
1008094
1008095
1008097
1008098
1008096
1008099
1008100
1008101
1008102
1008104
1008105
1008107
1008106
1008109
1008108
1008110
1008111
1008082
1008090
1008103
1008113
1008118
1008114
1008115
1008112
1008119
1008117
1008116
1008121
1008120
1008123
1008125
1008126
1008122
1008127
1008124
1008129
1008128
1008130
1008131
1008132
1008134
1008133
1008135
1008136
1008138
1008137
1008141
1008142
1008139
1008143
1008140
1008144
1008145
1008150
1008147
1008146
1008151
1008149
1008148
1008152
1008154
1008155
1008156
1008153
1008157
1008159
1008158
1008160
1008161
1008167
1008163
1008164
1008162
1008169
1008165
1008166
1008168
1008176
1008175
1008172
1008170
1008171
1008174
1008173
1008177
1008179
1008183
1008181
1008184
1008182
1008178
1008180
1008185
1008186
1008189
1008191
1008193
1008187
1008190
1008192
1008194
1008199
1008195
1008197
1008196
1008198
1008200
1008201
1008204
1008205
1008207
1008203
1008202
1008206
1008208
1008211
1008210
1008209
1008188
1008212
1008218
1008216
1008214
1008213
1008217
1008219
1008215
1008227
1008221
1008225
1008220
1008222
1008223
1008226
1008224
1008231
1008230
1008229
1008228
1008233
1008232
1008235
1008234
1008238
1008237
1008236
1008239
1008241
1008240
1008242
1008243
1008244
1008245
1008246
1008248
1008250
1008247
1008249
1008251
1008252
1008253
1008254
1008255
1008256
1008257
1008259
1008258
1008260
1008261
1008264
1008269
1008263
1008268
1008267
1008265
1008262
1008266
1008270
1008271
1008274
1008276
1008273
1008277
1008272
1008278
1008280
1008279
1008281
1008283
1008282
1008284
1008285
1008286
1008287
1008289
1008288
1008290
1008291
1008292
1008293
1008294
1008295
1008296
1008297
1008298
1008299
1008300
1008302
1008301
1008303
1008304
1008305
1008306
1008308
1008309
1008311
1008310
1008275
1008307
1008318
1008319
1008316
1008314
1008312
1008313
1008315
1008317
1008320
1008321
1008322
1008323
1008327
1008324
1008326
1008325
1008329
1008328
1008331
1008334
1008333
1008332
1008330
1008335
1008337
1008336
1008340
1008339
1008338
1008341
1008343
1008342
1008344
1008345
1008348
1008347
1008346
1008349
1008351
1008350
1008352
1008355
1008354
1008356
1008353
1008357
1008358
1008359
1008360
1008361
1008363
1008369
1008365
1008366
1008362
1008368
1008367
1008364
1008370
1008371
1008374
1008372
1008373
1008377
1008375
1008376
1008378
1008381
1008379
1008386
1008385
1008380
1008384
1008383
1008382
1008387
1008389
1008393
1008390
1008388
1008392
1008391
1008394
1008395
1008396
1008401
1008400
1008399
1008402
1008398
1008397
1008403
1008404
1008407
1008411
1008409
1008408
1008405
1008406
1008410
1008419
1008418
1008412
1008417
1008416
1008414
1008415
1008413
1008421
1008422
1008420
1008424
1008423
1008426
1008425
1008427
1008428
1008431
1008430
1008434
1008433
1008432
1008429
1008437
1008436
1008438
1008440
1008439
1008442
1008441
1008444
1008443
1008447
1008445
1008446
1008448
1008449
1008450
1008451
1008452
1008453
1008454
1008456
1008455
1008458
1008457
1008459
1008460
1008461
1008435
1008466
1008468
1008463
1008462
1008469
1008464
1008465
1008467
1008471
1008477
1008470
1008472
1008474
1008473
1008476
1008475
1008482
1008480
1008484
1008481
1008478
1008479
1008483
1008485
1008487
1008486
1008489
1008488
1008490
1008491
1008493
1008492
1008494
1008495
1008497
1008496
1008499
1008498
1008500
1008501
1008502
1008505
1008507
1008504
1008508
1008503
1008509
1008506
1008510
1008511
1008514
1008518
1008519
1008512
1008516
1008513
1008517
1008515
1008521
1008520
1008523
1008524
1008527
1008526
1008525
1008530
1008528
1008531
1008529
1008532
1008533
1008534
1008535
1008536
1008537
1008538
1008539
1008540
1008541
1008544
1008543
1008542
1008545
1008547
1008546
1008548
1008549
1008550
1008551
1008552
1008554
1008553
1008555
1008556
1008557
1008558
1008561
1008559
1008560
1008522
1008564
1008562
1008566
1008568
1008565
1008563
1008569
1008567
1008570
1008572
1008571
1008573
1008575
1008574
1008577
1008576
1008578
1008579
1008581
1008580
1008582
1008583
1008584
1008585
1008586
1008589
1008587
1008591
1008590
1008592
1008593
1008594
1008596
1008595
1008598
1008597
1008599
1008600
1008601
1008602
1008603
1008604
1008607
1008606
1008609
1008608
1008610
1008611
1008588
1008605
1008614
1008616
1008617
1008618
1008613
1008615
1008619
1008620
1008622
1008623
1008621
1008624
1008625
1008626
1008627
1008630
1008628
1008633
1008629
1008631
1008632
1008634
1008639
1008636
1008638
1008640
1008635
1008645
1008642
1008641
1008644
1008646
1008643
1008649
1008648
1008650
1008652
1008651
1008647
1008653
1008654
1008655
1008656
1008658
1008612
1008659
1008660
1008661
1008637
1008657
1008668
1008665
1008666
1008663
1008669
1008662
1008664
1008675
1008670
1008671
1008673
1008674
1008672
1008676
1008677
1008678
1008681
1008679
1008680
1008682
1008683
1008684
1008689
1008686
1008685
1008688
1008687
1008690
1008694
1008691
1008693
1008696
1008697
1008692
1008695
1008698
1008699
1008700
1008704
1008701
1008703
1008702
1008706
1008705
1008707
1008709
1008711
1008708
1008710
1008667
1008717
1008716
1008719
1008718
1008715
1008714
1008712
1008713
1008720
1008721
1008722
1008723
1008724
1008726
1008727
1008728
1008729
1008730
1008725
1008732
1008731
1008733
1008734
1008736
1008737
1008735
1008739
1008738
1008741
1008742
1008740
1008743
1008745
1008744
1008746
1008747
1008749
1008750
1008748
1008753
1008751
1008752
1008754
1008757
1008755
1008756
1008758
1008760
1008759
1008761
1008763
1008765
1008766
1008764
1008762
1008768
1008767
1008769
1008770
1008772
1008771
1008773
1008777
1008776
1008774
1008775
1008778
1008780
1008779
1008785
1008781
1008782
1008784
1008783
1008786
1008789
1008787
1008788
1008790
1008791
1008792
1008794
1008795
1008799
1008798
1008800
1008797
1008801
1008803
1008806
1008805
1008808
1008809
1008811
1008796
1008793
1008802
1008804
1008807
1008810
1008815
1008813
1008817
1008818
1008819
1008814
1008821
1008823
1008822
1008824
1008826
1008827
1008830
1008832
1008833
1008834
1008812
1008816
1008820
1008835
1008836
1008837
1008825
1008838
1008839
1008840
1008841
1008842
1008829
1008843
1008828
1008844
1008845
1008846
1008831
1008847
1008848
1008849
1008852
1008851
1008850
1008854
1008855
1008853
1008856
1008860
1008857
1008859
1008858
1008861
1008864
1008868
1008866
1008867
1008869
1008863
1008865
1008862
1008870
1008872
1008871
1008874
1008873
1008876
1008878
1008877
1008875
1008879
1008880
1008881
1008883
1008882
1008884
1008885
1008886
1008887
1008889
1008888
1008891
1008890
1008892
1008894
1008893
1008896
1008897
1008900
1008899
1008898
1008902
1008901
1008906
1008903
1008905
1008908
1008907
1008904
1008909
1008910
1008911
1008895
1008918
1008912
1008914
1008915
1008917
1008919
1008916
1008913
1008920
1008921
1008922
1008926
1008924
1008923
1008927
1008925
1008930
1008933
1008928
1008929
1008935
1008932
1008931
1008934
1008938
1008936
1008939
1008937
1008943
1008940
1008942
1008941
1008946
1008944
1008945
1008947
1008948
1008949
1008951
1008950
1008952
1008953
1008954
1008955
1008959
1008956
1008958
1008957
1008960
1008961
1008964
1008965
1008967
1008963
1008969
1008968
1008966
1008962
1008976
1008972
1008970
1008971
1008974
1008975
1008973
1008977
1008979
1008978
1008981
1008985
1008980
1008984
1008982
1008983
1008986
1008987
1008993
1008988
1008992
1008990
1008989
1008991
1008995
1008994
1008996
1009001
1008998
1008997
1008999
1009000
1009003
1009002
1009004
1009007
1009005
1009009
1009008
1009006
1009010
1009011
1009017
1009013
1009014
1009016
1009018
1009019
1009015
1009012
1009020
1009024
1009022
1009021
1009026
1009023
1009025
1009027
1009028
1009031
1009032
1009029
1009030
1009035
1009033
1009036
1009037
1009038
1009041
1009039
1009042
1009040
1009046
1009043
1009044
1009045
1009048
1009049
1009047
1009050
1009051
1009052
1009053
1009054
1009056
1009055
1009058
1009057
1009059
1009061
1009060
1009034
1009069
1009063
1009064
1009066
1009067
1009068
1009065
1009062
1009070
1009071
1009077
1009075
1009073
1009072
1009074
1009076
1009078
1009079
1009083
1009081
1009082
1009080
1009084
1009085
1009086
1009087
1009088
1009092
1009089
1009091
1009090
1009093
1009094
1009095
1009096
1009097
1009098
1009099
1009100
1009101
1009102
1009105
1009104
1009108
1009106
1009103
1009107
1009109
1009110
1009111
1009119
1009116
1009117
1009112
1009118
1009115
1009114
1009113
1009120
1009121
1009126
1009123
1009124
1009122
1009125
1009129
1009127
1009128
1009130
1009131
1009133
1009132
1009134
1009136
1009135
1009137
1009138
1009142
1009140
1009143
1009139
1009141
1009144
1009146
1009145
1009148
1009147
1009149
1009152
1009151
1009150
1009153
1009154
1009156
1009157
1009155
1009158
1009159
1009160
1009161
1009163
1009167
1009169
1009166
1009162
1009164
1009168
1009165
1009171
1009170
1009174
1009173
1009175
1009172
1009176
1009177
1009179
1009178
1009180
1009182
1009181
1009183
1009184
1009185
1009186
1009187
1009188
1009189
1009191
1009190
1009193
1009192
1009194
1009195
1009196
1009198
1009197
1009200
1009199
1009202
1009201
1009203
1009204
1009205
1009209
1009207
1009206
1009208
1009210
1009211
1009217
1009212
1009213
1009214
1009219
1009216
1009215
1009218
1009223
1009220
1009221
1009222
1009227
1009225
1009226
1009224
1009228
1009229
1009231
1009230
1009234
1009232
1009233
1009235
1009236
1009237
1009241
1009240
1009238
1009239
1009242
1009243
1009244
1009245
1009246
1009248
1009251
1009247
1009250
1009249
1009252
1009253
1009255
1009254
1009256
1009257
1009258
1009259
1009260
1009261
1009262
1009263
1009268
1009266
1009269
1009267
1009265
1009264
1009270
1009273
1009274
1009271
1009272
1009276
1009275
1009277
1009278
1009280
1009281
1009282
1009285
1009284
1009279
1009283
1009286
1009293
1009288
1009287
1009289
1009290
1009291
1009292
1009295
1009294
1009300
1009298
1009297
1009296
1009299
1009301
1009302
1009303
1009308
1009305
1009304
1009306
1009309
1009307
1009311
1009310
1009314
1009319
1009318
1009312
1009317
1009315
1009313
1009316
1009320
1009322
1009324
1009321
1009323
1009325
1009326
1009327
1009328
1009329
1009330
1009332
1009331
1009334
1009335
1009333
1009336
1009337
1009338
1009339
1009340
1009341
1009343
1009342
1009344
1009346
1009347
1009345
1009351
1009348
1009349
1009350
1009352
1009355
1009353
1009354
1009356
1009359
1009358
1009357
1009360
1009361
1009368
1009369
1009367
1009362
1009366
1009363
1009364
1009373
1009371
1009370
1009372
1009374
1009376
1009375
1009377
1009379
1009378
1009380
1009383
1009382
1009381
1009384
1009386
1009385
1009389
1009390
1009387
1009388
1009391
1009392
1009393
1009394
1009396
1009395
1009397
1009398
1009399
1009400
1009401
1009402
1009403
1009404
1009407
1009406
1009405
1009408
1009410
1009409
1009411
1009365
1009413
1009415
1009416
1009418
1009414
1009419
1009417
1009412
1009422
1009420
1009424
1009421
1009425
1009426
1009427
1009423
1009428
1009430
1009435
1009434
1009431
1009429
1009433
1009432
1009436
1009437
1009438
1009441
1009439
1009443
1009442
1009440
1009444
1009445
1009448
1009447
1009450
1009446
1009451
1009449
1009453
1009457
1009455
1009454
1009459
1009458
1009456
1009460
1009461
1009452
1009468
1009465
1009462
1009463
1009469
1009466
1009464
1009467
1009470
1009471
1009473
1009472
1009474
1009476
1009477
1009475
1009479
1009478
1009480
1009481
1009482
1009483
1009484
1009485
1009486
1009487
1009490
1009489
1009488
1009491
1009492
1009493
1009494
1050118
1050116
1050115
1050117
1050113
1050114
1050119
1050122
1050120
1050124
1050121
1050123
1050125
1050129
1050130
1050127
1050126
1050128
1050131
1050132
1050135
1050133
1050136
1050134
1050137
1050140
1050138
1050139
1050142
1050141
1050143
1050144
1050145
1050147
1050149
1050148
1050146
1050151
1050150
1050153
1050152
1050154
1050155
1050156
1050159
1050158
1050157
1050161
1050160
1050162
1050165
1050167
1050168
1050166
1050163
1050164
1050171
1050170
1050173
1050172
1050169
1050174
1050175
1050176
1050177
1050178
1050179
1050180
1050181
1050182
1050184
1050186
1050183
1050185
1050187
1050188
1050191
1050189
1050190
1050192
1050193
1050194
1050195
1050196
1050198
1050197
1050199
1050200
1050201
1050202
1050203
1050204
1050205
1050206
1050208
1050207
1050209
1050211
1050210
1050212
1050213
1050214
1050218
1050215
1050216
1050217
1050220
1050219
1050223
1050224
1050221
1050222
1050226
1050228
1050225
1050227
1050229
1050230
1050231
1050232
1050233
1050235
1050234
1050236
1050237
1050240
1050241
1050242
1050243
1050238
1050239
1050246
1050245
1050247
1050248
1050249
1050251
1050250
1050252
1050253
1050254
1050255
1050257
1050256
1050259
1050258
1050260
1050262
1050261
1050244
1050268
1050264
1050267
1050263
1050266
1050265
1050269
1050272
1050273
1050271
1050274
1050270
1050275
1050279
1050276
1050277
1050278
1050280
1050281
1050285
1050282
1050284
1050283
1050286
1050287
1050288
1050289
1050291
1050290
1050293
1050292
1050294
1050296
1050295
1050298
1050299
1050297
1050301
1050300
1050302
1050303
1050304
1050305
1050311
1050307
1050308
1050306
1050309
1050310
1050312
1050313
1050316
1050314
1050315
1050318
1050317
1050319
1050321
1050322
1050323
1050320
1050324
1050325
1050327
1050328
1050329
1050326
1050330
1050331
1050332
1050333
1050336
1050335
1050334
1050337
1050339
1050338
1050341
1050342
1050340
1050343
1050344
1050345
1050346
1050348
1050347
1050349
1050350
1050351
1050352
1050353
1050355
1050354
1050356
1050360
1050357
1050358
1050359
1050361
1050362
1050368
1050365
1050366
1050364
1050363
1050367
1050373
1050370
1050372
1050374
1050369
1050371
1050375
1050376
1050377
1050379
1050378
1050380
1050385
1050382
1050386
1050383
1050384
1050381
1050388
1050387
1050389
1050392
1050391
1050390
1050393
1050394
1050396
1050395
1050397
1050398
1050399
1050400
1050402
1050403
1050401
1050404
1050405
1050407
1050406
1050410
1050408
1050409
1050411
1050412
1050414
1050415
1050416
1050413
1050417
1050418
1050420
1050421
1050419
1050422
1050423
1050424
1050425
1050426
1050427
1050428
1050430
1050431
1050429
1050432
1050433
1050434
1050436
1050435
1050438
1050437
1050440
1050439
1050441
1050442
1050443
1050444
1050447
1050446
1050445
1050449
1050448
1050450
1050451
1050452
1050453
1050454
1050455
1050456
1050458
1050457
1050459
1050460
1050461
1050462
1050468
1050464
1050465
1050467
1050466
1050463
1050471
1050472
1050469
1050474
1050473
1050470
1050477
1050475
1050476
1050479
1050480
1050478
1050482
1050483
1050481
1050485
1050484
1050486
1050488
1050487
1050489
1050492
1050490
1050491
1050493
1050494
1050497
1050498
1050495
1050496
1050499
1050500
1050502
1050501
1050504
1050503
1050506
1050505
1050508
1050507
1050510
1050509
1050511
1050512
1050513
1050517
1050515
1050516
1050518
1050514
1050522
1050519
1050524
1050523
1050521
1050520
1050525
1050529
1050528
1050526
1050527
1050530
1050531
1050532
1050535
1050533
1050536
1050534
1050537
1050538
1050539
1050542
1050540
1050541
1050543
1050544
1050545
1050548
1050546
1050549
1050547
1050550
1050551
1050555
1050552
1050553
1050554
1050556
1050559
1050561
1050560
1050558
1050557
1050562
1050568
1050567
1050564
1050565
1050563
1050566
1050569
1050570
1050571
1050574
1050572
1050573
1050575
1050578
1050576
1050580
1050579
1050577
1050582
1050581
1050586
1050584
1050585
1050583
1050587
1050588
1050590
1050589
1050592
1050591
1050593
1050594
1050595
1050597
1050598
1050596
1050599
1050600
1050601
1050603
1050604
1050602
1050605
1050607
1050606
1050608
1050611
1050609
1050610
1050612
1050616
1050618
1050613
1050615
1050614
1050617
1050621
1050619
1050622
1050620
1050624
1050623
1050625
1050626
1050628
1050627
1050629
1050630
1050631
1050634
1050632
1050633
1050635
1050636
1050637
1050639
1050638
1050640
1050641
1050642
1050643
1050646
1050644
1050647
1050645
1050648
1050649
1050650
1050651
1050652
1050653
1050654
1050655
1050656
1050657
1050658
1050661
1050660
1050659
1050662
1050668
1050667
1050665
1050663
1050664
1050666
1050669
1050670
1050672
1050674
1050673
1050671
1050675
1050678
1050676
1050679
1050680
1050677
1050681
1050682
1050683
1050684
1050685
1050686
1050687
1050688
1050689
1050691
1050690
1050692
1050693
1050694
1050696
1050695
1050697
1050698
1050699
1050700
1050702
1050703
1050701
1050704
1050705
1050706
1050709
1050708
1050707
1050711
1050710
1050712
1050714
1050715
1050717
1050716
1050713
1050718
1050720
1050719
1050721
1050722
1050723
1050724
1050726
1050725
1050727
1050729
1050728
1050730
1050731
1050733
1050732
1050734
1050736
1050737
1050735
1050739
1050738
1050740
1050743
1050742
1050741
1050745
1050744
1050746
1050749
1050748
1050747
1050750
1050751
1050752
1050754
1050753
1050755
1050756
1050757
1050759
1050758
1050761
1050762
1050760
1050768
1050763
1050764
1050767
1050766
1050765
1050769
1050770
1050772
1050774
1050771
1050773
1050775
1050780
1050776
1050777
1050778
1050779
1050781
1050784
1050785
1050782
1050786
1050783
1050787
1050788
1050792
1050790
1050791
1050789
1050793
1050794
1050797
1050798
1050795
1050796
1050799
1050800
1050803
1050802
1050801
1050804
1050806
1050805
1050807
1050808
1050810
1050809
1050812
1050811
1050816
1050813
1050815
1050818
1050817
1050814
1050820
1050819
1050822
1050824
1050821
1050823
1050825
1050826
1050830
1050829
1050828
1050827
1050836
1050832
1050831
1050833
1050835
1050834
1050839
1050837
1050838
1050840
1050841
1050842
1050843
1050844
1050846
1050847
1050848
1050845
1050852
1050849
1050851
1050850
1050853
1050854
1050857
1050855
1050858
1050856
1050860
1050859
1050862
1050861
1050864
1050865
1050867
1050866
1050868
1050863
1050869
1050871
1050874
1050872
1050870
1050873
1050875
1050878
1050877
1050879
1050880
1050876
1050881
1050883
1050882
1050885
1050884
1050886
1050887
1050889
1050888
1050890
1050892
1050891
1050893
1050894
1050896
1050895
1050897
1050899
1050898
1050900
1050901
1050902
1050903
1050904
1050905
1050906
1050908
1050909
1050907
1050911
1050910
1050912
1050915
1050913
1050914
1050916
1050917
1050918
1050919
1050920
1050922
1050924
1050921
1050923
1050926
1050925
1050927
1050930
1050928
1050929
1050932
1050931
1050935
1050936
1050933
1050934
1050937
1050938
1050941
1050942
1050940
1050939
1050943
1050945
1050947
1050946
1050948
1050944
1050949
1050951
1050950
1050954
1050952
1050953
1050955
1050958
1050960
1050961
1050957
1050956
1050962
1050959
1050966
1050965
1050968
1050963
1050967
1050964
1050970
1050969
1050973
1050971
1050972
1050974
1050975
1050977
1050976
1050979
1050978
1050980
1050982
1050983
1050981
1050984
1050985
1050986
1050987
1050988
1050989
1050990
1050992
1050991
1050993
1050994
1050995
1050998
1050996
1050997
1050999
1051001
1051000
1051002
1051004
1051003
1051005
1051006
1051007
1051009
1051008
1051010
1051011
1051012
1051013
1051014
1051017
1051015
1051018
1051016
1051019
1051021
1051022
1051020
1051023
1051024
1051026
1051025
1051028
1051029
1051030
1051027
1051032
1051031
1051033
1051035
1051036
1051034
1051040
1051039
1051037
1051038
1051042
1051041
1051043
1051044
1051046
1051045
1051047
1051048
1051049
1051051
1051054
1051050
1051052
1051053
1051055
1051056
1051058
1051057
1051059
1051061
1051060
1051062
1051065
1051067
1051066
1051068
1051064
1051063
1051069
1051070
1051071
1051074
1051072
1051073
1051075
1051076
1051079
1051077
1051078
1051080
1051081
1051083
1051082
1051084
1051085
1051086
1051087
1051088
1051089
1051090
1051091
1051092
1051093
1051094
1051095
1051096
1051097
1051098
1051100
1051099
1051101
1051103
1051102
1051104
1051106
1051105
1051107
1051109
1051108
1051110
1051111
1051112
1051114
1051117
1051116
1051113
1051115
1051118
1051119
1051121
1051123
1051122
1051124
1051120
1051125
1051126
1051127
1051128
1051130
1051129
1051131
1051133
1051132
1051134
1051136
1051135
1051137
1051138
1051139
1051140
1051141
1051142
1051143
1051144
1051146
1051145
1051147
1051148
1051149
1051150
1051153
1051152
1051151
1051154
1051155
1051158
1051156
1051157
1051159
1051160
1051161
1051162
1051164
1051163
1051166
1051165
1051167
1051168
1051169
1051170
1051171
1051172
1051174
1051173
1051175
1051176
1051177
1051178
1051179
1051180
1051182
1051183
1051181
1051184
1051185
1051186
1051187
1051189
1051188
1051190
1051191
1051192
1051193
1051194
1051195
1051197
1051196
1051198
1051199
1051201
1051200
1051202
1051203
1051204
1051205
1051206
1051207
1051208
1051210
1051209
1051211
1051212
1051215
1051213
1051217
1051216
1051218
1051214
1051220
1051219
1051223
1051222
1051221
1051224
1051227
1051228
1051225
1051229
1051226
1051230
1051231
1051233
1051235
1051232
1051234
1051236
1051237
1051238
1051239
1051241
1051240
1051242
1051245
1051243
1051244
1051246
1051247
1051248
1051251
1051250
1051249
1051252
1051253
1051254
1051256
1051255
1051258
1051257
1051259
1051260
1051261
1051262
1051264
1051268
1051267
1051266
1051263
1051265
1051272
1051271
1051269
1051270
1051273
1051274
1051275
1051279
1051278
1051277
1051276
1051280
1051282
1051281
1051286
1051284
1051283
1051285
1051287
1051288
1051291
1051290
1051289
1051292
1051293
1051294
1051295
1051297
1051296
1051298
1051299
1051300
1051301
1051304
1051302
1051303
1051305
1051307
1051306
1051308
1051310
1051309
1051311
1051312
1051315
1051313
1051317
1051314
1051318
1051316
1051319
1051320
1051321
1051324
1051323
1051322
1051325
1051326
1051328
1051329
1051327
1051330
1051332
1051331
1051333
1051334
1051336
1051335
1051337
1051338
1051341
1051343
1051340
1051339
1051342
1051344
1051345
1051347
1051349
1051346
1051348
1051350
1051351
1051353
1051356
1051354
1051352
1051357
1051355
1051358
1051361
1051360
1051359
1051362
1051368
1051366
1051365
1051367
1051364
1051363
1051369
1051374
1051370
1051371
1051373
1051372
1051375
1051376
1051380
1051378
1051377
1051379
1051381
1051384
1051382
1051383
1051385
1051386
1051390
1051388
1051387
1051392
1051391
1051389
1051393
1051395
1051394
1051398
1051396
1051397
1051399
1051400
1051401
1051402
1051404
1051403
1051406
1051407
1051405
1051408
1051409
1051410
1051411
1051412
1051418
1051416
1051413
1051414
1051417
1051415
1051419
1051420
1051421
1051422
1051423
1051424
1051426
1051425
1051428
1051429
1051427
1051430
1051432
1051431
1051435
1051434
1051433
1051436
1051438
1051437
1051441
1051440
1051442
1051439
1051444
1051443
1051446
1051450
1051445
1051447
1051448
1051449
1051454
1051455
1051453
1051451
1051452
1051456
1051457
1051460
1051458
1051459
1051461
1051462
1051466
1051468
1051465
1051463
1051467
1051464
1051473
1051469
1051474
1051470
1051472
1051471
1051476
1051475
1051477
1051478
1051479
1051480
1051481
1051482
1051483
1051484
1051486
1051485
1051488
1051487
1051489
1051490
1051491
1051492
1051494
1051493
1051495
1051497
1051498
1051496
1051499
1051500
1051501
1051504
1051503
1051502
1051505
1051506
1051507
1051508
1051510
1051509
1051511
1051512
1051518
1051513
1051514
1051516
1051515
1051517
1051519
1051520
1051523
1051522
1051521
1051524
1051525
1051529
1051527
1051526
1051528
1051530
1051531
1051535
1051536
1051532
1051534
1051533
1051537
1051542
1051539
1051538
1051540
1051541
1051543
1051548
1051544
1051545
1051547
1051546
1051549
1051550
1051551
1051552
1051554
1051555
1051553
1051556
1051558
1051557
1051561
1051559
1051560
1051562
1051566
1051567
1051568
1051565
1051563
1051564
1051569
1051570
1051573
1051574
1051572
1051571
1051575
1051576
1051577
1051580
1051579
1051578
1051581
1051583
1051582
1051585
1051584
1051586
1051587
1051589
1051588
1051592
1051590
1051591
1051593
1051594
1051595
1051596
1051597
1051598
1051599
1051600
1051601
1051602
1051603
1051604
1051606
1051605
1051607
1051608
1051609
1051610
1051611
1051612
1051615
1051617
1051616
1051618
1051614
1051613
1051622
1051620
1051621
1051623
1051619
1051624
1051628
1051626
1051631
1051625
1051630
1051629
1051627
1051632
1051633
1051636
1051637
1051634
1051635
1051639
1051638
1051640
1051643
1051642
1051641
1051645
1051644
1051646
1051649
1051647
1051648
1051650
1051651
1051654
1051655
1051652
1051653
1051656
1051657
1051658
1051659
1051660
1051661
1051662
1051663
1051665
1051664
1051667
1051668
1051666
1051672
1051671
1051669
1051670
1051673
1051674
1051680
1051677
1051679
1051678
1051676
1051675
1051682
1051681
1051686
1051684
1051683
1051685
1051687
1051688
1051689
1051691
1051690
1051692
1051694
1051695
1051693
1051697
1051696
1051698
1051699
1051700
1051701
1051703
1051704
1051702
1051706
1051705
1051707
1051710
1051708
1051709
1051712
1051711
1051714
1051716
1051717
1051715
1051713
1051718
1051719
1051722
1051721
1051720
1051724
1051723
1051725
1051728
1051726
1051727
1051730
1051729
1051733
1051731
1051732
1051734
1051735
1051736
1051737
1051741
1051740
1051738
1051739
1051742
1051743
1051744
1051746
1051747
1051745
1051748
1051749
1051750
1051751
1051752
1051753
1051754
1051755
1051756
1051757
1051758
1051759
1051760
1051761
1051762
1051764
1051766
1051765
1051769
1051763
1051770
1051771
1051768
1051767
1051774
1051772
1051775
1051773
1051776
1051777
1051781
1051779
1051780
1051778
1051782
1051783
1051784
1051785
1051788
1051786
1051787
1051789
1051790
1051791
1051792
1051794
1051793
1051796
1051795
1051797
1051798
1051799
1051800
1051801
1051803
1051802
1051805
1051804
1051806
1051807
1051808
1051809
1051810
1051811
1051812
1051818
1051816
1051813
1051815
1051814
1051817
1051819
1051820
1051821
1051822
1051823
1051824
1051825
1051826
1051827
1051830
1051828
1051829
1051831
1051832
1051833
1051835
1051836
1051834
1051837
1051838
1051839
1051840
1051841
1051842
1051843
1051845
1051844
1051846
1051848
1051847
1051849
1051851
1051850
1051852
1051853
1051854
1051856
1051855
1051857
1051858
1051859
1051860
1051861
1051862
1051864
1051863
1051868
1051867
1051866
1051865
1051869
1051873
1051874
1051870
1051871
1051872
1051875
1051876
1051878
1051880
1051879
1051877
1051882
1051883
1051881
1051886
1051884
1051885
1051888
1051887
1051889
1051890
1051891
1051892
1051894
1051893
1051895
1051896
1051897
1051899
1051898
1051900
1051901
1051902
1051905
1051903
1051904
1051906
1051907
1051908
1051909
1051910
1051911
1051912
1051917
1051915
1051918
1051913
1051914
1051916
1051923
1051922
1051919
1051920
1051921
1051924
1051925
1051926
1051928
1051927
1051930
1051929
1051933
1051934
1051932
1051931
1051935
1051936
1051939
1051938
1051937
1051940
1051941
1051942
1051943
1051945
1051944
1051947
1051946
1051948
1051949
1051950
1051951
1051953
1051952
1051955
1051954
1051958
1051957
1051959
1051956
1051961
1051960
1051962
1051968
1051965
1051966
1051967
1051963
1051964
1051969
1051971
1051970
1051974
1051973
1051972
1051975
1051979
1051976
1051977
1051978
1051980
1051981
1051983
1051982
1051984
1051985
1051986
1051987
1051988
1051991
1051989
1051992
1051990
1051993
1051996
1051994
1051995
1051997
1051998
1051999
1052000
1052002
1052001
1052003
1052004
1052005
1052007
1052008
1052010
1052009
1052006
1052011
1052012
1052016
1052015
1052017
1052018
1052014
1052013
1052020
1052019
1052023
1052021
1052022
1052024
1052026
1052025
1052027
1052029
1052030
1052028
1052031
1052032
1052036
1052035
1052034
1052033
1052037
1052038
1052040
1052041
1052042
1052039
1052043
1052044
1052048
1052045
1052046
1052047
1052049
1052053
1052050
1052051
1052052
1052054
1052055
1052056
1052057
1052058
1052059
1052060
1052061
1052062
1052067
1052066
1052065
1052068
1052064
1052063
1052069
1052071
1052073
1052074
1052070
1052072
1052078
1052080
1052077
1052079
1052075
1052076
1052082
1052081
1052085
1052084
1052086
1052083
1052087
1052092
1052091
1052089
1052090
1052088
1052093
1052094
1052095
1052098
1052096
1052097
1052099
1052100
1052102
1052101
1052103
1052104
1052105
1052106
1052108
1052109
1052107
1052110
1052111
1052112
1052115
1052118
1052117
1052116
1052113
1052114
1052120
1052119
1052123
1052124
1052122
1052121
1052126
1052125
1052127
1052128
1052130
1052129
1052131
1052133
1052132
1052134
1052135
1052136
1052139
1052137
1052138
1052140
1052142
1052141
1052143
1052144
1052145
1052148
1052146
1052147
1052151
1052150
1052149
1052152
1052153
1052154
1052157
1052156
1052158
1052155
1052159
1052160
1052162
1052161
1052166
1052168
1052165
1052164
1052163
1052167
1052172
1052169
1052173
1052170
1052174
1052171
1052176
1052177
1052178
1052179
1052180
1052175
1052181
1052185
1052183
1052184
1052182
1052186
1052187
1052188
1052190
1052192
1052191
1052189
1052193
1052194
1052195
1052198
1052196
1052197
1052199
1052200
1052201
1052203
1052202
1052204
1052205
1052206
1052207
1052208
1052209
1052210
1052211
1052212
1052215
1052216
1052213
1052218
1052217
1052214
1052221
1052219
1052220
1052223
1052222
1052224
1052229
1052230
1052228
1052225
1052227
1052226
1052231
1052232
1052234
1052235
1052236
1052233
1052238
1052237
1052240
1052239
1052241
1052242
1052244
1052243
1052247
1052246
1052245
1052248
1052249
1052252
1052250
1052251
1052253
1052254
1052255
1052257
1052256
1052260
1052258
1052259
1052261
1052262
1052265
1052268
1052263
1052267
1052266
1052264
1052274
1052270
1052269
1052273
1052272
1052271
1052275
1052276
1052279
1052283
1052277
1052284
1052281
1052282
1052285
1052286
1052287
1052288
1052289
1052290
1052291
1052280
1052292
1052294
1052293
1052278
1052295
1052296
1052297
1052298
1052299
1052301
1052300
1052302
1052303
1052304
1052306
1052305
1052307
1052308
1052309
1052311
1052312
1052310
1052314
1052315
1052318
1052316
1052313
1052317
1052319
1052320
1052324
1052321
1052322
1052323
1052328
1052326
1052327
1052329
1052325
1052330
1052334
1052332
1052331
1052333
1052336
1052335
1052340
1052338
1052337
1052342
1052341
1052339
1052343
1052344
1052346
1052345
1052348
1052347
1052349
1052350
1052351
1052352
1052354
1052353
1052355
1052356
1052357
1052358
1052360
1052359
1052362
1052361
1052363
1052368
1052365
1052367
1052366
1052364
1052369
1052373
1052370
1052371
1052372
1052374
1052375
1052379
1052376
1052377
1052378
1052380
1052381
1052382
1052386
1052383
1052385
1052384
1052387
1052388
1052389
1052392
1052391
1052390
1052393
1052394
1052397
1052398
1052395
1052396
1052400
1052399
1052401
1052402
1052403
1052404
1052406
1052405
1052408
1052409
1052410
1052407
1052411
1052412
1052414
1052416
1052418
1052413
1052417
1052415
1052421
1052419
1052423
1052420
1052424
1052422
1052429
1052428
1052430
1052425
1052426
1052427
1052432
1052435
1052433
1052431
1052436
1052434
1052437
1052439
1052438
1052440
1052441
1052442
1052447
1052443
1052444
1052446
1052445
1052448
1052450
1052449
1052453
1052452
1052451
1052454
1052460
1052458
1052455
1052456
1052457
1052459
1052461
1052462
1052466
1052467
1052465
1052468
1052463
1052464
1052469
1052470
1052474
1052473
1052472
1052471
1052475
1052476
1052479
1052477
1052478
1052480
1052481
1052483
1052482
1052484
1052485
1052487
1052486
1052488
1052490
1052489
1052492
1052491
1052493
1052495
1052494
1052497
1052496
1052498
1052499
1052503
1052502
1052501
1052500
1052504
1052505
1052508
1052509
1052507
1052506
1052510
1052511
1052512
1052516
1052513
1052515
1052518
1052517
1052514
1052519
1052523
1052521
1052520
1052524
1052522
1052525
1052527
1052526
1052528
1052529
1052530
1052531
1052532
1052534
1052535
1052533
1052536
1052537
1052538
1052539
1052540
1052541
1052542
1052543
1052544
1052545
1052546
1052547
1052548
1052551
1052550
1052552
1052553
1052549
1052554
1052555
1052559
1052556
1052558
1052557
1052560
1052561
1052562
1052564
1052566
1052568
1052563
1052567
1052565
1052571
1052570
1052569
1052574
1052573
1052572
1052578
1052576
1052577
1052575
1052580
1052579
1052584
1052581
1052582
1052583
1052585
1052586
1052588
1052587
1052590
1052589
1052591
1052592
1052593
1052596
1052595
1052594
1052597
1052599
1052598
1052601
1052600
1052602
1052603
1052604
1052605
1052607
1052606
1052608
1052611
1052610
1052609
1052612
1052618
1052613
1052614
1052616
1052615
1052617
1052619
1052621
1052624
1052620
1052623
1052622
1052625
1052628
1052627
1052629
1052626
1052630
1052631
1052633
1052635
1052632
1052636
1052634
1052637
1052641
1052642
1052638
1052639
1052640
1052643
1052644
1052646
1052645
1052647
1052648
1052649
1052654
1052653
1052651
1052650
1052652
1052655
1052656
1052659
1052660
1052657
1052658
1052661
1052662
1052664
1052667
1052663
1052668
1052665
1052666
1052670
1052669
1052671
1052674
1052672
1052673
1052676
1052675
1052677
1052678
1052679
1052681
1052680
1052682
1052683
1052685
1052684
1052686
1052687
1052688
1052689
1052691
1052690
1052694
1052692
1052693
1052695
1052697
1052696
1052700
1052701
1052699
1052698
1052702
1052703
1052706
1052704
1052705
1052707
1052708
1052709
1052711
1052710
1052712
1052715
1052716
1052714
1052717
1052718
1052713
1052720
1052719
1052724
1052722
1052721
1052723
1052726
1052725
1052728
1052727
1052729
1052730
1052731
1052732
1052736
1052734
1052733
1052737
1052738
1052735
1052742
1052739
1052741
1052740
1052743
1052744
1052745
1052748
1052746
1052747
1052749
1052750
1052751
1052753
1052752
1052755
1052754
1052758
1052756
1052757
1052759
1052761
1052760
1052762
1052763
1052765
1052766
1052764
1052767
1052768
1052773
1052770
1052769
1052772
1052771
1052774
1052775
1052778
1052780
1052777
1052776
1052779
1052781
1052782
1052784
1052783
1052785
1052786
1052787
1052789
1052788
1052792
1052793
1052791
1052790
1052794
1052795
1052798
1052796
1052797
1052799
1052800
1052801
1052802
1052804
1052803
1052805
1052806
1052809
1052807
1052808
1052811
1052810
1052812
1052816
1052817
1052815
1052814
1052813
1052818
1052819
1052823
1052820
1052822
1052821
1052824
1052829
1052827
1052825
1052826
1052828
1052830
1052833
1052832
1052831
1052834
1052835
1052836
1052838
1052837
1052839
1052840
1052842
1052841
1052845
1052843
1052844
1052846
1052847
1052848
1052851
1052849
1052850
1052852
1052853
1052857
1052855
1052854
1052856
1052858
1052859
1052862
1052860
1052861
1052868
1052867
1052865
1052864
1052863
1052866
1052869
1052874
1052872
1052871
1052870
1052873
1052876
1052875
1052880
1052879
1052877
1052878
1052881
1052884
1052882
1052883
1052885
1052886
1052887
1052889
1052888
1052890
1052891
1052892
1052894
1052893
1052895
1052896
1052897
1052898
1052899
1052902
1052901
1052900
1052903
1052905
1052906
1052904
1052908
1052907
1052910
1052909
1052912
1052911
1052913
1052915
1052917
1052918
1052916
1052914
1052919
1052921
1052920
1052924
1052922
1052923
1052926
1052925
1052929
1052927
1052928
1052930
1052931
1052932
1052935
1052934
1052933
1052936
1052937
1052938
1052941
1052940
1052942
1052939
1052943
1052944
1052948
1052947
1052945
1052949
1052946
1052952
1052950
1052953
1052954
1052955
1052958
1052956
1052951
1052959
1052957
1052960
1052962
1052961
1052966
1052965
1052963
1052968
1052967
1052964
1052969
1052971
1052972
1052973
1052974
1052970
1052975
1052976
1052978
1052977
1052980
1052979
1052981
1052982
1052985
1052983
1052984
1052986
1052987
1052988
1052991
1052990
1052989
1052992
1052993
1052995
1052994
1052997
1052998
1052996
1052999
1053002
1053000
1053001
1053003
1053004
1053005
1053006
1053007
1053010
1053009
1053008
1053011
1053012
1053017
1053016
1053018
1053014
1053013
1053015
1053019
1053020
1053023
1053021
1053022
1053024
1053025
1053026
1053029
1053027
1053028
1053030
1053031
1053032
1053033
1053034
1053035
1053036
1053038
1053037
1053039
1053041
1053040
1053043
1053042
1053044
1053045
1053046
1053047
1053048
1053050
1053049
1053051
1053052
1053053
1053054
1053055
1053056
1053057
1053058
1053059
1053061
1053060
1053062
1053065
1053066
1053063
1053068
1053067
1053064
1053069
1053070
1053074
1053072
1053071
1053073
1053076
1053075
1053078
1053079
1053077
1053080
1053081
1053082
1053083
1053084
1053085
1053086
1053087
1053089
1053092
1053090
1053088
1053091
1053093
1053094
1053096
1053095
1053097
1053098
1053099
1053100
1053102
1053101
1053103
1053104
1053105
1053106
1053108
1053107
1053109
1053111
1053110
1053112
1053113
1053116
1053115
1053118
1053114
1053117
1053121
1053120
1053123
1053122
1053124
1053119
1053126
1053125
1053127
1053130
1053129
1053128
1053131
1053133
1053134
1053135
1053136
1053132
1053137
1053138
1053140
1053139
1053141
1053142
1053143
1053144
1053145
1053147
1053146
1053148
1053149
1053153
1053150
1053151
1053152
1053154
1053155
1053156
1053157
1053158
1053159
1053160
1053161
1053162
1053166
1053163
1053167
1053164
1053165
1053168
1053169
1053171
1053174
1053172
1053170
1053173
1053175
1053180
1053179
1053176
1053177
1053178
1053181
1053185
1053182
1053183
1053186
1053184
1053188
1053187
1053190
1053191
1053189
1053192
1053194
1053196
1053193
1053195
1053197
1053198
1053199
1053201
1053203
1053202
1053200
1053204
1053205
1053206
1053207
1053208
1053209
1053212
1053210
1053211
1053214
1053215
1053218
1053216
1053213
1053217
1053220
1053219
1053224
1053221
1053222
1053223
1053225
1053227
1053228
1053226
1053230
1053229
1053232
1053231
1053233
1053234
1053235
1053236
1053239
1053238
1053237
1053240
1053242
1053241
1053244
1053245
1053243
1053246
1053247
1053248
1053250
1053249
1053252
1053253
1053251
1053254
1053257
1053259
1053255
1053256
1053258
1053260
1053261
1053262
1053264
1053267
1053265
1053266
1053263
1053268
1053270
1053269
1053274
1053272
1053271
1053273
1053276
1053279
1053277
1053275
1053278
1053280
1053281
1053284
1053285
1053283
1053286
1053282
1053288
1053287
1053290
1053291
1053292
1053289
1053293
1053294
1053295
1053297
1053296
1053298
1053299
1053300
1053301
1053302
1053305
1053304
1053303
1053306
1053307
1053308
1053309
1053311
1053312
1053310
1053315
1053314
1053316
1053318
1053317
1053313
1053319
1053321
1053320
1053322
1053324
1053323
1053327
1053328
1053326
1053325
1053329
1053330
1053335
1053332
1053331
1053334
1053333
1053336
1053338
1053340
1053337
1053341
1053342
1053339
1053344
1053343
1053345
1053346
1053348
1053347
1053350
1053349
1053351
1053352
1053354
1053353
1053356
1053355
1053357
1053358
1053359
1053360
1053361
1053362
1053368
1053365
1053364
1053366
1053367
1053363
1053370
1053369
1053372
1053373
1053371
1053374
1053375
1053376
1053377
1053380
1053378
1053379
1053381
1053382
1053383
1053384
1053385
1053386
1053387
1053389
1053388
1053390
1053393
1053391
1053392
1053394
1053395
1053396
1053397
1053399
1053398
1053400
1053401
1053402
1053404
1053403
1053405
1053406
1053407
1053408
1053409
1053412
1053410
1053411
1053413
1053418
1053416
1053414
1053415
1053417
1053419
1053420
1053421
1053422
1053424
1053423
1053427
1053429
1053426
1053425
1053428
1053430
1053433
1053432
1053436
1053434
1053431
1053435
1053437
1053438
1053442
1053439
1053440
1053441
1053443
1053444
1053445
1053447
1053448
1053446
1053449
1053453
1053450
1053454
1053451
1053452
1053455
1053459
1053456
1053458
1053457
1053460
1053461
1053462
1053468
1053467
1053463
1053465
1053464
1053466
1053469
1053470
1053472
1053474
1053473
1053471
1053475
1053476
1053479
1053478
1053477
1053480
1053481
1053482
1053484
1053485
1053483
1053486
1053488
1053487
1053489
1053491
1053490
1053492
1053493
1053494
1053495
1053497
1053496
1053498
1053499
1053502
1053503
1053501
1053500
1053504
1053505
1053507
1053506
1053508
1053510
1053509
1053511
1053512
1053514
1053518
1053516
1053513
1053517
1053515
1053519
1053521
1053520
1053523
1053524
1053522
1053526
1053525
1053527
1053530
1053528
1053529
1053531
1053532
1053533
1053534
1053535
1053536
1053538
1053537
1053541
1053539
1053540
1053542
1053543
1053544
1053547
1053548
1053545
1053546
1053549
1053550
1053551
1053554
1053553
1053555
1053552
1053556
1053557
1053560
1053561
1053558
1053562
1053559
1053566
1053567
1053568
1053563
1053565
1053564
1053569
1053570
1053573
1053574
1053571
1053572
1053575
1053577
1053576
1053578
1053579
1053580
1053582
1053581
1053583
1053586
1053584
1053585
1053587
1053588
1053589
1053591
1053593
1053592
1053590
1053594
1053595
1053596
1053599
1053598
1053597
1053600
1053601
1053602
1053604
1053603
1053605
1053607
1053606
1053608
1053609
1053612
1053610
1053611
1053615
1053614
1053618
1053613
1053617
1053616
1053622
1053621
1053619
1053624
1053623
1053620
1053626
1053628
1053627
1053629
1053625
1053630
1053631
1053634
1053633
1053635
1053632
1053636
1053637
1053638
1053639
1053641
1053642
1053640
1053643
1053644
1053646
1053645
1053648
1053647
1053649
1053650
1053652
1053651
1053654
1053653
1053656
1053655
1053658
1053657
1053659
1053661
1053660
1053662
1053668
1053666
1053664
1053667
1053663
1053665
1053671
1053669
1053673
1053670
1053672
1053674
1053678
1053675
1053677
1053676
1053679
1053680
1053681
1053682
1053684
1053683
1053685
1053686
1053687
1053688
1053689
1053690
1053691
1053692
1053694
1053693
1053696
1053697
1053695
1053698
1053700
1053699
1053703
1053701
1053702
1053705
1053704
1053706
1053708
1053709
1053707
1053710
1053711
1053712
1053714
1053717
1053713
1053718
1053716
1053715
1053719
1053722
1053724
1053723
1053721
1053720
1053725
1053730
1053726
1053728
1053729
1053727
1053731
1053732
1053734
1053736
1053735
1053733
1053737
1053738
1053741
1053740
1053739
1053742
1053743
1053744
1053746
1053745
1053748
1053747
1053749
1053751
1053750
1053752
1053753
1053754
1053755
1053759
1053758
1053756
1053757
1053760
1053761
1053762
1053763
1053767
1053766
1053764
1053765
1053768
1053770
1053771
1053769
1053773
1053774
1053772
1053775
1053776
1053777
1053778
1053780
1053779
1053781
1053783
1053784
1053782
1053787
1053786
1053785
1053789
1053788
1053790
1053791
1053792
1053793
1053797
1053794
1053796
1053795
1053799
1053798
1053802
1053801
1053800
1053803
1053804
1053805
1053806
1053808
1053807
1053810
1053809
1053812
1053811
1053814
1053818
1053813
1053815
1053817
1053816
1053823
1053820
1053822
1053821
1053824
1053819
1053830
1053826
1053825
1053828
1053829
1053827
1053831
1053835
1053836
1053832
1053833
1053834
1053837
1053840
1053838
1053839
1053842
1053841
1053843
1053844
1053845
1053846
1053847
1053848
1053849
1053850
1053853
1053852
1053851
1053854
1053855
1053856
1053857
1053859
1053858
1053860
1053861
1053862
1053866
1053864
1053865
1053867
1053863
1053868
1053870
1053869
1053874
1053871
1053873
1053872
1053879
1053876
1053875
1053878
1053877
1053880
1053884
1053881
1053883
1053882
1053886
1053885
1053888
1053889
1053890
1053891
1053887
1053892
1053893
1053895
1053894
1053898
1053896
1053897
1053901
1053899
1053900
1053902
1053904
1053903
1053906
1053905
1053907
1053908
1053909
1053910
1053912
1053911
1053913
1053917
1053916
1053915
1053914
1053918
1053922
1053919
1053921
1053920
1053923
1053924
1053925
1053926
1053927
1053928
1053929
1053930
1053931
1053932
1053933
1053935
1053934
1053936
1053937
1053938
1053939
1053940
1053941
1053942
1053943
1053944
1053947
1053945
1053946
1053948
1053949
1053950
1053951
1053952
1053953
1053955
1053957
1053954
1053956
1053958
1053959
1053960
1053961
1053962
1053968
1053965
1053963
1053967
1053964
1053966
1053970
1053969
1053972
1053971
1053974
1053973
1053976
1053975
1053979
1053977
1053978
1053980
1053981
1053982
1053983
1053986
1053985
1053984
1053987
1053988
1053989
1053990
1053992
1053991
1053993
1053994
1053995
1053996
1053998
1053997
1053999
1054000
1054001
1054002
1054005
1054003
1054004
1054006
1054007
1054008
1054011
1054012
1054009
1054010
1054016
1054017
1054015
1054018
1054014
1054013
1054019
1054023
1054021
1054022
1054020
1054024
1054026
1054025
1054028
1054027
1054030
1054029
1054032
1054031
1054033
1054034
1054035
1054038
1054036
1054037
1054039
1054040
1054042
1054041
1054043
1054044
1054045
1054046
1054047
1054048
1054049
1054050
1054052
1054051
1054053
1054055
1054054
1054056
1054057
1054058
1054059
1054060
1054061
1054062
1054066
1054064
1054065
1054063
1054068
1054067
1054073
1054072
1054070
1054074
1054069
1054071
1054078
1054075
1054076
1054077
1054079
1054080
1054086
1054082
1054084
1054081
1054085
1054083
1054088
1054089
1054087
1054090
1054092
1054091
1054093
1054097
1054094
1054095
1054096
1054098
1054099
1054100
1054101
1054102
1054103
1054104
1054105
1054107
1054106
1054108
1054110
1054109
1054111
1054112
1054117
1054114
1054116
1054115
1054113
1054118
1054119
1054122
1054124
1054123
1054121
1054120
1054125
1054126
1054128
1054130
1054127
1054129
1054131
1054136
1054132
1054133
1054134
1054135
1054137
1054138
1054140
1054139
1054142
1054141
1054143
1054144
1054145
1054146
1054147
1054148
1054149
1054150
1054152
1054151
1054154
1054153
1054155
1054158
1054157
1054156
1054159
1054160
1054161
1054162
1054164
1054167
1054168
1054165
1054166
1054163
1054170
1054173
1054171
1054174
1054172
1054169
1054175
1054177
1054179
1054180
1054178
1054176
1054182
1054183
1054181
1054185
1054184
1054186
1054188
1054187
1054189
1054190
1054192
1054191
1054194
1054193
1054195
1054198
1054197
1054196
1054200
1054201
1054199
1054202
1054204
1054203
1054206
1054207
1054205
1054208
1054209
1054210
1054211
1054212
1054218
1054217
1054215
1054214
1054216
1054213
1054220
1054219
1054223
1054222
1054224
1054221
1054226
1054225
1054227
1054228
1054229
1054230
1054231
1054234
1054233
1054232
1054236
1054235
1054239
1054237
1054238
1054240
1054241
1054242
1054243
1054246
1054245
1054244
1054248
1054247
1054249
1054252
1054251
1054250
1054253
1054254
1054255
1054258
1054257
1054256
1054259
1054260
1054261
1054262
1054263
1054267
1054264
1054266
1054265
1054268
1054272
1054270
1054273
1054271
1054274
1054269
1054275
1054276
1054279
1054280
1054278
1054277
1054281
1054282
1054283
1054285
1054286
1054284
1054287
1054289
1054288
1054291
1054292
1054290
1054293
1054295
1054294
1054298
1054296
1054297
1054299
1054300
1054301
1054303
1054302
1054304
1054305
1054306
1054307
1054308
1054310
1054309
1054311
1054312
1054313
1054316
1054318
1054315
1054314
1054317
1054324
1054321
1054320
1054319
1054323
1054322
1054326
1054328
1054330
1054325
1054329
1054327
1054331
1054332
1054334
1054333
1054335
1054336
1054337
1054338
1054339
1054340
1054342
1054341
1054343
1054344
1054348
1054346
1054347
1054349
1054345
1054350
1054351
1054353
1054352
1054354
1054355
1054356
1054357
1054361
1054360
1054358
1054359
1054362
1054368
1054367
1054363
1054364
1054365
1054366
1054369
1054371
1054372
1054373
1054370
1054374
1054375
1054378
1054379
1054377
1054376
1054380
1054381
1054383
1054382
1054384
1054385
1054386
1054387
1054390
1054388
1054389
1054391
1054392
1054393
1054395
1054396
1054394
1054397
1054398
1054399
1054404
1054400
1054403
1054401
1054402
1054405
1054406
1054410
1054409
1054407
1054408
1054411
1054412
1054418
1054415
1054417
1054414
1054413
1054416
1054419
1054422
1054420
1054421
1054424
1054423
1054425
1054426
1054427
1054428
1054430
1054429
1054431
1054432
1054433
1054434
1054436
1054435
1054437
1054438
1054440
1054439
1054442
1054441
1054443
1054444
1054445
1054446
1054448
1054449
1054447
1054450
1054452
1054451
1054454
1054453
1054455
1054456
1054458
1054457
1054459
1054460
1054461
1054462
1054463
1054468
1054467
1054464
1054466
1054465
1054473
1054472
1054471
1054469
1054470
1054474
1054478
1054479
1054475
1054480
1054477
1054476
1054481
1054484
1054485
1054486
1054482
1054483
1054487
1054489
1054488
1054490
1054492
1054493
1054491
1054494
1054496
1054495
1054498
1054497
1054499
1054500
1054501
1054502
1054504
1054503
1054505
1054506
1054507
1054510
1054508
1054509
1054511
1054512
1054515
1054516
1054513
1054517
1054514
1054518
1054519
1054521
1054522
1054524
1054523
1054520
1054527
1054526
1054525
1054528
1054529
1054530
1054532
1054531
1054533
1054534
1054535
1054536
1054537
1054539
1054542
1054540
1054541
1054544
1054543
1054546
1054545
1054547
1054548
1054549
1054550
1054551
1054552
1054553
1054555
1054554
1054556
1054557
1054558
1054559
1054560
1054561
1054562
1054538
1054567
1054564
1054566
1054563
1054568
1054565
1054569
1054570
1054572
1054574
1054573
1054571
1054575
1054579
1054578
1054577
1054576
1054580
1054581
1054585
1054583
1054582
1054586
1054584
1054587
1054588
1054589
1054591
1054590
1054592
1054593
1054594
1054596
1054597
1054595
1054598
1054601
1054602
1054599
1054600
1054603
1054604
1054606
1054605
1054607
1054608
1054609
1054610
1054611
1054612
1054618
1054614
1054615
1054613
1054616
1054617
1054620
1054619
1054622
1054623
1054621
1054624
1054627
1054628
1054626
1054625
1054629
1054630
1054634
1054633
1054631
1054632
1054635
1054636
1054637
1054640
1054639
1054638
1054641
1054642
1054643
1054647
1054646
1054645
1054644
1054648
1054649
1054650
1054651
1054653
1054654
1054652
1054655
1054656
1054657
1054660
1054658
1054659
1054661
1054662
1054666
1054663
1054664
1054665
1054667
1054668
1054669
1054671
1054673
1054672
1054670
1054674
1054675
1054676
1054679
1054678
1054680
1054677
1054681
1054684
1054682
1054683
1054685
1054686
1054687
1054690
1054688
1054692
1054691
1054689
1054693
1054694
1054695
1054696
1054697
1054698
1054699
1054702
1054700
1054701
1054703
1054704
1054705
1054707
1054706
1054708
1054710
1054709
1054711
1054712
1054716
1054714
1054717
1054718
1054715
1054713
1054719
1054720
1054721
1054723
1054722
1054724
1054725
1054727
1054726
1054730
1054729
1054728
1054731
1054733
1054732
1054734
1054736
1054735
1054739
1054737
1054738
1054740
1054741
1054743
1054744
1054745
1054742
1054746
1054747
1054748
1054751
1054750
1054749
1054753
1054752
1054754
1054756
1054757
1054755
1054760
1054759
1054758
1054761
1054762
1054767
1054765
1054766
1054763
1054764
1054768
1054769
1054774
1054772
1054773
1054770
1054771
1054775
1054776
1054779
1054780
1054778
1054777
1054781
1054784
1054786
1054782
1054785
1054783
1054787
1054792
1054789
1054790
1054791
1054788
1054793
1054794
1054795
1054796
1054798
1054797
1054799
1054800
1054802
1054801
1054803
1054804
1054809
1054805
1054808
1054807
1054806
1054810
1054812
1054811
1054814
1054817
1054818
1054816
1054813
1054815
1054822
1054821
1054823
1054824
1054820
1054826
1054825
1054827
1054819
1054828
1054829
1054831
1054832
1054830
1054833
1054834
1054835
1054837
1054836
1054838
1054839
1054841
1054840
1054842
1054843
1054844
1054845
1054847
1054848
1054846
1054850
1054849
1054851
1054852
1054853
1054856
1054858
1054860
1054862
1054861
1054854
1054855
1054859
1054857
1054865
1054863
1054868
1054864
1054866
1054867
1054869
1054870
1054874
1054872
1054873
1054871
1054877
1054875
1054876
1054878
1054880
1054879
1054881
1054882
1054883
1054884
1054885
1054886
1054889
1054887
1054888
1054890
1054891
1054892
1054894
1054893
1054895
1054897
1054896
1054898
1054900
1054899
1054904
1054902
1054903
1054901
1054905
1054907
1054906
1054910
1054908
1054909
1054912
1054911
1054914
1054916
1054917
1054915
1054918
1054913
1054919
1054920
1054922
1054921
1054924
1054923
1054925
1054926
1054929
1054928
1054927
1054930
1054931
1054932
1054935
1054933
1054936
1054934
1054937
1054938
1054939
1054940
1054942
1054941
1054943
1054944
1054945
1054946
1054947
1054948
1054949
1054950
1054954
1054951
1054953
1054952
1054955
1054958
1054957
1054959
1054960
1054961
1054956
1054962
1054966
1054967
1054965
1054964
1054963
1054968
1054972
1054969
1054973
1054971
1054970
1054974
1054978
1054979
1054977
1054976
1054975
1054980
1054985
1054983
1054984
1054981
1054982
1054986
1054987
1054989
1054988
1054990
1054991
1054992
1054995
1054993
1054996
1054994
1054998
1054997
1055000
1055002
1054999
1055003
1055001
1055004
1055005
1055007
1055006
1055008
1055010
1055009
1055012
1055011
1055014
1055017
1055018
1055015
1055016
1055013
1055020
1055024
1055021
1055019
1055023
1055022
1055030
1055026
1055025
1055029
1055027
1055028
1055032
1055033
1055031
1055035
1055034
1055036
1055037
1055039
1055041
1055038
1055040
1055042
1055044
1055043
1055045
1055046
1055047
1055048
1055053
1055050
1055052
1055054
1055049
1055051
1055055
1055059
1055056
1055057
1055058
1055060
1055061
1055062
1055063
1055068
1055064
1055065
1055067
1055066
1055069
1055070
1055073
1055071
1055072
1055074
1055076
1055075
1055078
1055080
1055077
1055079
1055082
1055081
1055085
1055086
1055084
1055083
1055087
1055088
1055090
1055092
1055091
1055089
1055094
1055093
1055095
1055096
1055098
1055097
1055099
1055100
1055101
1055104
1055103
1055102
1055105
1055106
1055107
1055109
1055108
1055110
1055111
1055112
1055118
1055115
1055113
1055114
1055116
1055117
1055120
1055119
1055124
1055122
1055121
1055123
1055126
1055125
1055127
1055128
1055129
1055130
1055131
1055132
1055133
1055136
1055134
1055135
1055137
1055139
1055138
1055141
1055140
1055142
1055143
1055145
1055144
1055146
1055147
1055148
1055149
1055151
1055150
1055154
1055153
1055152
1055155
1055157
1055158
1055156
1055160
1055159
1055161
1055162
1055163
1055167
1055165
1055168
1055166
1055164
1055169
1055173
1055174
1055171
1055172
1055170
1055175
1055177
1055178
1055180
1055179
1055176
1055181
1055182
1055185
1055184
1055183
1055186
1055187
1055191
1055190
1055192
1055188
1055189
1055193
1055195
1055198
1055194
1055196
1055197
1055199
1055200
1055204
1055203
1055201
1055202
1055205
1055206
1055207
1055210
1055208
1055209
1055212
1055211
1055215
1055213
1055216
1055218
1055214
1055217
1055222
1055219
1055220
1055223
1055224
1055221
1055225
1055226
1055227
1055230
1055229
1055228
1055236
1055234
1055235
1055231
1055232
1055233
1055241
1055238
1055239
1055237
1055240
1055242
1055245
1055243
1055244
1055246
1055247
1055248
1055249
1055250
1055254
1055252
1055251
1055253
1055256
1055255
1055257
1055258
1055259
1055260
1055261
1055262
1055265
1055266
1055263
1055264
1055267
1055268
1055272
1055270
1055273
1055274
1055269
1055271
1055276
1055275
1055277
1055280
1055279
1055278
1055281
1055282
1055283
1055286
1055285
1055284
1055287
1055288
1055289
1055290
1055292
1055291
1055293
1055294
1055295
1055296
1055297
1055298
1055299
1055300
1055301
1055303
1055302
1055304
1055306
1055305
1055307
1055308
1055310
1055309
1055311
1055312
1055316
1055314
1055317
1055315
1055313
1055318
1055320
1055319
1055322
1055321
1055323
1055324
1055325
1055328
1055326
1055330
1055327
1055329
1055331
1055332
1055333
1055336
1055334
1055335
1055337
1055339
1055338
1055340
1055342
1055341
1055343
1055346
1055344
1055345
1055347
1055348
1055349
1055353
1055350
1055351
1055352
1055354
1055358
1055356
1055355
1055357
1055359
1055360
1055361
1055362
1055367
1055363
1055368
1055365
1055364
1055366
1055372
1055371
1055369
1055373
1055370
1055374
1055375
1055376
1055378
1055377
1055380
1055379
1055381
1055383
1055382
1055386
1055384
1055385
1055387
1055389
1055388
1055392
1055390
1055391
1055393
1055395
1055396
1055397
1055394
1055398
1055399
1055403
1055402
1055401
1055400
1055404
1055406
1055405
1055407
1055408
1055409
1055410
1055411
1055412
1055417
1055414
1055413
1055416
1055418
1055415
1055419
1055422
1055421
1055420
1055423
1055424
1055425
1055429
1055426
1055428
1055427
1055430
1055431
1055434
1055432
1055436
1055433
1055435
1055437
1055439
1055442
1055438
1055440
1055443
1055441
1055444
1055447
1055446
1055445
1055448
1055449
1055450
1055451
1055452
1055453
1055454
1055455
1055456
1055457
1055460
1055461
1055458
1055459
1055462
1055467
1055464
1055466
1055465
1055463
1055468
1055469
1055472
1055470
1055477
1055476
1055471
1055479
1055478
1055473
1055480
1055481
1055474
1055482
1055484
1055483
1055485
1055486
1055487
1055488
1055489
1055490
1055491
1055492
1055493
1055494
1055495
1055496
1055497
1055499
1055498
1055501
1055500
1055502
1055503
1055504
1055506
1055505
1055509
1055507
1055508
1055511
1055510
1055512
1055475
1055515
1055514
1055518
1055516
1055517
1055513
1055519
1055520
1055524
1055523
1055521
1055522
1055525
1055529
1055527
1055530
1055526
1055528
1055531
1055534
1055532
1055533
1055536
1055535
1055537
1055539
1055540
1055542
1055541
1055538
1055543
1055545
1055544
1055548
1055547
1055546
1055549
1055551
1055550
1055553
1055552
1055554
1055555
1055556
1055557
1055558
1055559
1055560
1055561
1055562
1055563
1055567
1055566
1055568
1055564
1055565
1055569
1055571
1055574
1055572
1055573
1055570
1055576
1055575
1055577
1055578
1055579
1055580
1055581
1055585
1055582
1055586
1055584
1055583
1055587
1055589
1055588
1055590
1055591
1055592
1055593
1055594
1055595
1055596
1055597
1055598
1055600
1055602
1055601
1055599
1055603
1055604
1055608
1055606
1055605
1055607
1055609
1055610
1055611
1055612
1055616
1055614
1055615
1055613
1055618
1055617
1055619
1055622
1055623
1055621
1055620
1055624
1055625
1055626
1055629
1055627
1055630
1055628
1055632
1055633
1055631
1055635
1055636
1055634
1055637
1055638
1055639
1055641
1055640
1055642
1055643
1055644
1055645
1055646
1055648
1055647
1055649
1055651
1055650
1055653
1055652
1055654
1055655
1055656
1055659
1055657
1055660
1055658
1055661
1055662
1055666
1055667
1055665
1055668
1055664
1055663
1055670
1055669
1055673
1055671
1055672
1055674
1055675
1055676
1055679
1055678
1055677
1055680
1055684
1055683
1055682
1055681
1055686
1055685
1055688
1055687
1055689
1055691
1055690
1055692
1055693
1055694
1055695
1055697
1055696
1055698
1055699
1055700
1055701
1055703
1055702
1055704
1055705
1055706
1055707
1055709
1055708
1055710
1055711
1055712
1055713
1055716
1055717
1055714
1055715
1055718
1055722
1055719
1055720
1055721
1055723
1055724
1055726
1055725
1055728
1055729
1055730
1055727
1055731
1055732
1055733
1055734
1055735
1055736
1055737
1055738
1055739
1055740
1055741
1055742
1055743
1055744
1055747
1055745
1055746
1055748
1055749
1055750
1055751
1055753
1055754
1055752
1055755
1055756
1055759
1055757
1055758
1055760
1055761
1055762
1055768
1055767
1055763
1055764
1055766
1055765
1055769
1055772
1055770
1055771
1055774
1055775
1055777
1055779
1055776
1055773
1055778
1055780
1055781
1055782
1055785
1055784
1055783
1055786
1055788
1055787
1055790
1055789
1055791
1055792
1055793
1055794
1055795
1055797
1055796
1055798
1055799
1055800
1055801
1055802
1055803
1055805
1055804
1055806
1055807
1055808
1055811
1055809
1055812
1055810
1055813
1055814
1055817
1055816
1055818
1055815
1055819
1055823
1055824
1055821
1055822
1055820
1055825
1055830
1055828
1055829
1055827
1055826
1055831
1055834
1055832
1055833
1055835
1055836
1055837
1055838
1055842
1055840
1055841
1055839
1055843
1055844
1055848
1055845
1055846
1055847
1055849
1055850
1055851
1055854
1055852
1055853
1055855
1055856
1055860
1055859
1055858
1055857
1055862
1055861
1055864
1055865
1055868
1055867
1055866
1055863
1055869
1055871
1055870
1055872
1055873
1055874
1055876
1055875
1055877
1055878
1055880
1055879
1055881
1055882
1055883
1055886
1055885
1055884
1055887
1055888
1055889
1055892
1055891
1055890
1055893
1055894
1055895
1055897
1055898
1055896
1055899
1055900
1055901
1055902
1055904
1055903
1055905
1055906
1055910
1055907
1055909
1055908
1055911
1055912
1055917
1055918
1055915
1055916
1055913
1055914
1055921
1055919
1055920
1055924
1055923
1055922
1055925
1055928
1055930
1055929
1055927
1055926
1055933
1055931
1055935
1055934
1055936
1055932
1055937
1055938
1055939
1055940
1055942
1055941
1055943
1055944
1055945
1055946
1055948
1055947
1055949
1055951
1055953
1055952
1055950
1055954
1055955
1055958
1055957
1055959
1055956
1055960
1055961
1055962
1055966
1055968
1055964
1055965
1055963
1055967
1055969
1055972
1055970
1055974
1055973
1055971
1055975
1055976
1055980
1055977
1055979
1055978
1055982
1055981
1055986
1055983
1055984
1055985
1055987
1055989
1055990
1055991
1055988
1055992
1055996
1055997
1055995
1055993
1055994
1055998
1055999
1056000
1056002
1056001
1056003
1056004
1056006
1056005
1056009
1056008
1056007
1056010
1056011
1056012
1056014
1056017
1056018
1056015
1056016
1056013
1056019
1056022
1056020
1056023
1056024
1056021
1056025
1056027
1056026
1056030
1056028
1056029
1056033
1056031
1056032
1056036
1056034
1056035
1056039
1056037
1056038
1056040
1056042
1056041
1056043
1056047
1056048
1056044
1056045
1056046
1056049
1056051
1056053
1056054
1056050
1056052
1056055
1056056
1056060
1056058
1056059
1056057
1056062
1056061
1056065
1056066
1056063
1056064
1056067
1056068
1056069
1056071
1056073
1056072
1056074
1056070
1056075
1056078
1056076
1056077
1056080
1056079
1056081
1056083
1056082
1056084
1056085
1056086
1056087
1056089
1056088
1056090
1056092
1056091
1056093
1056094
1056097
1056096
1056095
1056098
1056099
1056100
1056103
1056101
1056104
1056102
1056105
1056106
1056108
1056107
1056109
1056110
1056112
1056111
1056115
1056118
1056116
1056113
1056117
1056114
1056119
1056122
1056124
1056121
1056120
1056123
1056125
1056127
1056129
1056126
1056130
1056128
1056131
1056133
1056134
1056132
1056135
1056136
1056137
1056140
1056138
1056139
1056141
1056142
1056143
1056144
1056145
1056146
1056147
1056148
1056149
1056150
1056152
1056151
1056154
1056153
1056155
1056156
1056158
1056157
1056161
1056160
1056159
1056162
1056163
1056168
1056167
1056165
1056166
1056164
1056174
1056170
1056169
1056173
1056171
1056172
1056176
1056177
1056175
1056179
1056178
1056180
1056182
1056181
1056183
1056186
1056185
1056184
1056187
1056189
1056190
1056188
1056191
1056192
1056193
1056194
1056198
1056197
1056195
1056196
1056199
1056200
1056201
1056203
1056204
1056205
1056202
1056206
1056209
1056208
1056210
1056211
1056207
1056212
1056214
1056216
1056217
1056213
1056215
1056218
1056219
1056223
1056220
1056221
1056222
1056224
1056228
1056227
1056229
1056226
1056225
1056230
1056235
1056234
1056231
1056232
1056233
1056236
1056241
1056240
1056242
1056238
1056239
1056237
1056247
1056244
1056243
1056245
1056248
1056246
1056249
1056251
1056250
1056254
1056253
1056252
1056255
1056256
1056259
1056257
1056258
1056260
1056261
1056262
1056268
1056267
1056266
1056263
1056264
1056265
1056269
1056271
1056270
1056273
1056272
1056274
1056276
1056275
1056277
1056279
1056280
1056278
1056281
1056282
1056283
1056286
1056285
1056284
1056287
1056288
1056289
1056291
1056290
1056292
1056293
1056296
1056295
1056294
1056297
1056298
1056299
1056301
1056302
1056300
1056303
1056304
1056305
1056306
1056308
1056307
1056309
1056310
1056311
1056312
1056318
1056317
1056313
1056315
1056314
1056316
1056319
1056320
1056321
1056323
1056322
1056325
1056324
1056327
1056326
1056328
1056329
1056330
1056331
1056332
1056334
1056333
1056335
1056336
1056338
1056339
1056342
1056340
1056343
1056337
1056344
1056345
1056346
1056347
1056348
1056349
1056350
1056341
1056351
1056352
1056354
1056353
1056357
1056355
1056356
1056358
1056360
1056359
1056362
1056361
1056367
1056365
1056366
1056368
1056364
1056363
1056372
1056371
1056369
1056374
1056373
1056370
1056375
1056380
1056376
1056377
1056379
1056378
1056381
1056382
1056386
1056383
1056385
1056384
1056387
1056389
1056388
1056392
1056390
1056391
1056393
1056395
1056394
1056396
1056398
1056399
1056397
1056402
1056401
1056400
1056403
1056404
1056405
1056406
1056407
1056408
1056409
1056410
1056411
1056412
1056413
1056417
1056415
1056414
1056416
1056418
1056419
1056420
1056422
1056423
1056424
1056421
1056426
1056425
1056429
1056430
1056428
1056427
1056431
1056432
1056435
1056436
1056434
1056433
1056437
1056438
1056439
1056442
1056441
1056440
1056443
1056444
1056447
1056446
1056445
1056448
1056449
1056450
1056452
1056451
1056454
1056453
1056455
1056458
1056456
1056457
1056459
1056460
1056461
1056462
1056465
1056466
1056463
1056468
1056467
1056464
1056470
1056469
1056471
1056472
1056473
1056474
1056475
1056477
1056478
1056479
1056476
1056480
1056486
1056481
1056484
1056483
1056485
1056482
1056487
1056489
1056488
1056492
1056490
1056491
1056494
1056493
1056495
1056497
1056496
1056498
1056499
1056500
1056502
1056503
1056501
1056504
1056507
1056506
1056505
1056508
1056510
1056509
1056511
1056512
1056516
1056513
1056518
1056515
1056514
1056517
1056520
1056523
1056522
1056519
1056524
1056521
1056525
1056527
1056530
1056528
1056526
1056529
1056531
1056532
1056533
1056534
1056535
1056536
1056538
1056537
1056539
1056542
1056540
1056541
1056543
1056544
1056545
1056546
1056548
1056550
1056549
1056553
1056552
1056551
1056554
1056555
1056558
1056556
1056557
1056547
1056560
1056559
1056561
1056562
1056563
1056565
1056567
1056566
1056564
1056568
1056569
1056570
1056571
1056573
1056572
1056574
1056575
1056576
1056577
1056578
1056579
1056580
1056581
1056582
1056583
1056586
1056585
1056584
1056587
1056589
1056591
1056590
1056592
1056588
1056593
1056594
1056595
1056598
1056596
1056597
1056599
1056601
1056600
1056603
1056604
1056602
1056605
1056607
1056608
1056606
1056610
1056609
1056611
1056612
1056618
1056617
1056616
1056614
1056613
1056615
1056623
1056622
1056621
1056624
1056620
1056619
1056625
1056629
1056630
1056628
1056627
1056626
1056631
1056634
1056632
1056633
1056636
1056637
1056635
1056638
1056639
1056641
1056640
1056642
1056643
1056644
1056645
1056648
1056646
1056649
1056647
1056650
1056651
1056654
1056652
1056655
1056653
1056656
1056657
1056659
1056661
1056658
1056660
1056662
1056667
1056665
1056666
1056664
1056668
1056663
1056669
1056670
1056671
1056672
1056674
1056673
1056675
1056676
1056677
1056678
1056680
1056679
1056681
1056684
1056683
1056682
1056685
1056686
1056687
1056689
1056688
1056690
1056691
1056693
1056692
1056695
1056696
1056694
1056697
1056698
1056699
1056700
1056701
1056702
1056703
1056704
1056705
1056706
1056707
1056708
1056709
1056712
1056710
1056711
1056713
1056719
1056718
1056720
1056721
1056723
1056722
1056725
1056724
1056715
1056716
1056714
1056717
1056726
1056727
1056728
1056730
1056731
1056729
1056732
1056733
1056734
1056736
1056737
1056738
1056735
1056739
1056740
1056742
1056741
1056743
1056744
1056745
1056746
1056749
1056748
1056747
1056751
1056750
1056753
1056754
1056755
1056752
1056756
1056757
1056761
1056760
1056758
1056759
1056762
1056766
1056764
1056768
1056763
1056767
1056765
1056769
1056770
1056771
1056772
1056774
1056773
1056775
1056777
1056776
1056778
1056780
1056779
1056782
1056783
1056781
1056784
1056786
1056785
1056787
1056790
1056788
1056789
1056792
1056791
1056793
1056795
1056794
1056796
1056798
1056797
1056799
1056801
1056800
1056802
1056803
1056804
1056805
1056806
1056807
1056808
1056810
1056809
1056812
1056811
1056816
1056815
1056814
1056813
1056817
1056818
1056824
1056823
1056819
1056821
1056820
1056822
1056825
1056826
1056827
1056829
1056830
1056828
1056831
1056834
1056833
1056836
1056835
1056832
1056837
1056840
1056838
1056839
1056842
1056841
1056843
1056845
1056846
1056844
1056848
1056847
1056849
1056850
1056851
1056852
1056853
1056855
1056854
1056857
1056856
1056861
1056858
1056859
1056860
1056862
1056867
1056868
1056864
1056866
1056863
1056865
1056869
1056873
1056874
1056872
1056871
1056870
1056875
1056876
1056878
1056879
1056880
1056877
1056881
1056883
1056882
1056884
1056886
1056885
1056888
1056889
1056887
1056892
1056890
1056891
1056894
1056895
1056893
1056898
1056897
1056896
1056899
1056900
1056901
1056902
1056903
1056904
1056907
1056905
1056906
1056909
1056908
1056910
1056911
1056912
1056915
1056917
1056916
1056914
1056913
1056918
1056919
1056920
1056924
1056923
1056922
1056921
1056926
1056925
1056927
1056930
1056929
1056928
1056931
1056932
1056933
1056937
1056935
1056934
1056936
1056938
1056939
1056940
1056943
1056942
1056941
1056944
1056946
1056945
1056949
1056948
1056947
1056950
1056952
1056951
1056953
1056955
1056956
1056954
1056957
1056958
1056959
1056960
1056962
1056961
1056966
1056963
1056964
1056968
1056967
1056965
1056972
1056971
1056973
1056974
1056969
1056970
1056975
1056978
1056976
1056980
1056979
1056977
1056981
1056985
1056983
1056984
1056986
1056982
1056987
1056992
1056988
1056989
1056991
1056990
1056993
1056996
1056994
1056998
1056995
1056997
1056999
1057002
1057001
1057000
1057004
1057003
1057005
1057006
1057007
1057008
1057009
1057010
1057011
1057012
1057017
1057013
1057015
1057016
1057014
1057018
1057019
1057021
1057022
1057020
1057023
1057024
1057025
1057026
1057030
1057029
1057027
1057028
1057031
1057032
1057035
1057036
1057034
1057033
1057037
1057039
1057038
1057040
1057042
1057041
1057043
1057044
1057047
1057045
1057046
1057048
1057050
1057052
1057049
1057051
1057053
1057054
1057058
1057055
1057056
1057057
1057059
1057060
1057061
1057062
1057066
1057065
1057068
1057067
1057064
1057063
1057069
1057071
1057070
1057073
1057074
1057072
1057076
1057075
1057078
1057080
1057077
1057079
1057081
1057083
1057082
1057085
1057086
1057084
1057087
1057089
1057088
1057091
1057092
1057090
1057093
1057095
1057094
1057099
1057097
1057096
1057098
1057100
1057103
1057101
1057104
1057102
1057105
1057109
1057106
1057107
1057108
1057111
1057110
1057112
1057113
1057114
1057117
1057115
1057118
1057116
1057124
1057120
1057125
1057119
1057123
1057121
1057122
1057126
1057127
1057128
1057131
1057129
1057130
1057132
1057133
1057134
1057135
1057137
1057136
1057138
1057139
1057140
1057141
1057142
1057143
1057145
1057144
1057146
1057149
1057147
1057148
1057150
1057151
1057152
1057154
1057153
1057155
1057157
1057158
1057156
1057159
1057160
1057161
1057162
1057168
1057163
1057167
1057165
1057166
1057164
1057169
1057171
1057172
1057173
1057174
1057170
1057175
1057176
1057180
1057178
1057177
1057179
1057181
1057182
1057185
1057186
1057183
1057184
1057187
1057188
1057189
1057190
1057191
1057192
1057193
1057194
1057197
1057195
1057196
1057198
1057200
1057199
1057201
1057203
1057202
1057204
1057206
1057205
1057208
1057207
1057209
1057211
1057212
1057210
1057218
1057214
1057213
1057215
1057217
1057216
1057221
1057222
1057219
1057224
1057223
1057220
1057225
1057227
1057228
1057230
1057229
1057226
1057231
1057234
1057235
1057236
1057233
1057232
1057237
1057238
1057241
1057239
1057242
1057240
1057243
1057246
1057248
1057249
1057247
1057245
1057244
1057250
1057251
1057253
1057255
1057252
1057254
1057257
1057256
1057260
1057259
1057261
1057258
1057262
1057263
1057266
1057265
1057268
1057267
1057264
1057272
1057271
1057269
1057273
1057270
1057274
1057275
1057276
1057277
1057279
1057280
1057278
1057282
1057281
1057286
1057285
1057284
1057283
1057287
1057289
1057288
1057291
1057290
1057292
1057293
1057295
1057294
1057296
1057297
1057298
1057300
1057301
1057299
1057302
1057304
1057303
1057305
1057308
1057306
1057310
1057307
1057309
1057311
1057312
1057314
1057318
1057316
1057313
1057315
1057317
1057319
1057323
1057320
1057322
1057321
1057324
1057325
1057326
1057327
1057330
1057329
1057328
1057331
1057332
1057336
1057334
1057335
1057333
1057337
1057338
1057342
1057341
1057339
1057340
1057343
1057345
1057344
1057347
1057346
1057348
1057349
1057350
1057351
1057353
1057352
1057354
1057355
1057356
1057357
1057358
1057359
1057360
1057361
1057362
1057366
1057365
1057368
1057367
1057363
1057364
1057369
1057373
1057370
1057372
1057371
1057374
1057375
1057376
1057379
1057378
1057380
1057377
1057382
1057381
1057383
1057384
1057386
1057385
1057387
1057388
1057390
1057391
1057389
1057392
1057394
1057393
1057395
1057396
1057397
1057398
1057400
1057401
1057399
1057402
1057403
1057404
1057405
1057406
1057407
1057411
1057408
1057409
1057410
1057412
1057416
1057414
1057413
1057418
1057417
1057415
1057419
1057420
1057422
1057421
1057424
1057423
1057425
1057426
1057430
1057429
1057428
1057427
1057431
1057432
1057433
1057434
1057435
1057438
1057436
1057437
1057439
1057440
1057443
1057444
1057441
1057442
1057445
1057446
1057451
1057447
1057448
1057452
1057449
1057450
1057455
1057456
1057453
1057454
1057457
1057458
1057462
1057461
1057460
1057459
1057467
1057465
1057468
1057464
1057466
1057463
1057469
1057473
1057470
1057472
1057471
1057474
1057475
1057477
1057478
1057480
1057479
1057476
1057481
1057483
1057486
1057484
1057485
1057482
1057487
1057488
1057491
1057489
1057492
1057490
1057493
1057496
1057498
1057495
1057494
1057497
1057499
1057500
1057504
1057503
1057501
1057502
1057505
1057507
1057506
1057508
1057509
1057510
1057511
1057512
1057516
1057517
1057515
1057518
1057513
1057514
1057519
1057520
1057523
1057524
1057521
1057522
1057526
1057525
1057530
1057527
1057528
1057529
1057532
1057531
1057534
1057533
1057535
1057536
1057537
1057539
1057538
1057540
1057541
1057542
1057543
1057544
1057546
1057545
1057549
1057548
1057547
1057550
1057553
1057555
1057554
1057552
1057551
1057556
1057559
1057561
1057558
1057557
1057560
1057562
1057565
1057564
1057568
1057566
1057563
1057567
1057569
1057570
1057571
1057572
1057574
1057573
1057576
1057575
1057578
1057577
1057579
1057580
1057582
1057581
1057585
1057586
1057584
1057583
1057587
1057588
1057590
1057589
1057591
1057592
1057593
1057594
1057596
1057597
1057595
1057598
1057599
1057600
1057603
1057602
1057601
1057604
1057605
1057607
1057606
1057609
1057608
1057610
1057611
1057612
1057615
1057613
1057618
1057616
1057617
1057614
1057619
1057621
1057620
1057623
1057622
1057624
1057625
1057626
1057627
1057628
1057630
1057629
1057631
1057632
1057633
1057634
1057635
1057636
1057637
1057638
1057639
1057640
1057641
1057642
1057643
1057648
1057644
1057645
1057647
1057646
1057649
1057651
1057654
1057650
1057655
1057653
1057652
1057656
1057658
1057657
1057661
1057660
1057659
1057662
1057666
1057665
1057664
1057668
1057667
1057663
1057672
1057670
1057673
1057674
1057669
1057671
1057678
1057679
1057675
1057677
1057680
1057676
1057681
1057683
1057686
1057685
1057682
1057684
1057687
1057691
1057689
1057690
1057688
1057692
1057693
1057697
1057694
1057696
1057695
1057698
1057699
1057700
1057703
1057702
1057701
1057704
1057705
1057707
1057708
1057706
1057709
1057710
1057711
1057712
1057717
1057715
1057718
1057716
1057713
1057714
1057719
1057721
1057723
1057724
1057722
1057720
1057725
1057726
1057727
1057728
1057730
1057729
1057731
1057733
1057734
1057732
1057735
1057736
1057739
1057738
1057737
1057740
1057741
1057742
1057744
1057745
1057743
1057746
1057747
1057748
1057750
1057749
1057751
1057753
1057752
1057754
1057756
1057755
1057757
1057758
1057759
1057760
1057761
1057762
1057763
1057766
1057765
1057764
1057768
1057767
1057769
1057774
1057770
1057772
1057771
1057773
1057775
1057776
1057777
1057780
1057778
1057779
1057783
1057781
1057782
1057785
1057786
1057784
1057789
1057788
1057787
1057790
1057791
1057792
1057795
1057796
1057794
1057793
1057798
1057797
1057803
1057799
1057800
1057801
1057802
1057804
1057805
1057806
1057810
1057809
1057807
1057808
1057811
1057812
1057815
1057817
1057816
1057818
1057814
1057813
1057822
1057821
1057823
1057819
1057820
1057824
1057825
1057826
1057827
1057830
1057828
1057829
1057831
1057832
1057833
1057834
1057835
1057836
1057837
1057841
1057839
1057838
1057840
1057842
1057843
1057846
1057847
1057845
1057844
1057848
1057849
1057851
1057852
1057853
1057850
1057854
1057855
1057856
1057857
1057858
1057859
1057860
1057861
1057862
1057864
1057867
1057865
1057868
1057866
1057863
1057873
1057871
1057869
1057870
1057874
1057872
1057875
1057877
1057878
1057879
1057876
1057880
1057881
1057883
1057882
1057885
1057886
1057884
1057887
1057888
1057891
1057889
1057892
1057890
1057897
1057895
1057893
1057894
1057898
1057896
1057901
1057899
1057902
1057900
1057904
1057903
1057905
1057907
1057908
1057906
1057910
1057909
1057911
1057912
1057916
1057917
1057913
1057918
1057915
1057914
1057923
1057919
1057920
1057921
1057924
1057922
1057925
1057927
1057929
1057926
1057928
1057930
1057932
1057934
1057933
1057931
1057935
1057936
1057940
1057939
1057937
1057938
1057941
1057942
1057945
1057944
1057946
1057943
1057947
1057948
1057950
1057949
1057951
1057952
1057953
1057954
1057955
1057957
1057959
1057956
1057958
1057960
1057961
1057962
1057968
1057963
1057967
1057966
1057965
1057964
1057971
1057970
1057969
1057972
1057973
1057974
1057975
1057977
1057976
1057980
1057979
1057978
1057981
1057982
1057983
1057985
1057986
1057984
1057987
1057989
1057988
1057991
1057990
1057992
1057993
1057994
1057996
1057995
1057998
1057997
1057999
1058000
1058004
1058002
1058001
1058005
1058003
1058006
1058007
1058009
1058011
1058008
1058012
1058010
1058018
1058013
1058017
1058016
1058014
1058015
1058023
1058021
1058019
1058024
1058020
1058022
1058027
1058025
1058028
1058026
1058029
1058030
1058031
1058034
1058032
1058035
1058033
1058036
1058040
1058038
1058041
1058039
1058037
1058042
1058043
1058045
1058047
1058046
1058044
1058048
1058049
1058051
1058052
1058050
1058053
1058054
1058055
1058059
1058056
1058057
1058058
1058060
1058061
1058062
1058065
1058068
1058063
1058064
1058066
1058067
1058069
1058071
1058073
1058072
1058074
1058070
1058080
1058075
1058077
1058079
1058078
1058076
1058081
1058082
1058084
1058086
1058085
1058083
1058087
1058088
1058089
1058091
1058093
1058092
1058090
1058094
1058095
1058096
1058097
1058098
1058100
1058099
1058101
1058103
1058106
1058104
1058105
1058102
1058107
1058109
1058111
1058108
1058110
1058112
1058116
1058115
1058118
1058113
1058114
1058117
1058120
1058119
1058123
1058121
1058124
1058122
1058125
1058126
1058127
1058128
1058130
1058129
1058131
1058133
1058132
1058136
1058134
1058135
1058137
1058138
1058139
1058141
1058140
1058142
1058144
1058143
1058145
1058147
1058146
1058148
1058150
1058149
1058152
1058151
1058153
1058154
1058155
1058156
1058158
1058159
1058157
1058161
1058162
1058160
1058168
1058165
1058166
1058163
1058164
1058167
1058170
1058171
1058169
1058174
1058172
1058173
1058175
1058176
1058177
1058178
1058180
1058179
1058181
1058182
1058185
1058186
1058183
1058184
1058188
1058187
1058189
1058190
1058192
1058191
1058193
1058196
1058195
1058194
1058197
1058198
1058199
1058200
1058201
1058204
1058203
1058202
1058205
1058207
1058206
1058208
1058210
1058209
1058211
1058212
1058213
1058215
1058214
1058217
1058216
1058218
1058219
1058220
1058222
1058221
1058223
1058224
1058226
1058225
1058230
1058229
1058228
1058227
1058231
1058232
1058234
1058236
1058233
1058235
1058237
1058239
1058238
1058242
1058241
1058240
1058245
1058243
1058244
1058247
1058248
1058246
1058251
1058250
1058253
1058249
1058252
1058254
1058256
1058255
1058258
1058260
1058259
1058257
1058261
1058262
1058268
1058267
1058265
1058263
1058264
1058266
1058269
1058271
1058272
1058270
1058273
1058274
1058276
1058275
1058280
1058277
1058278
1058279
1058281
1058282
1058284
1058285
1058286
1058283
1058287
1058288
1058291
1058289
1058290
1058292
1058293
1058294
1058296
1058295
1058297
1058298
1058299
1058300
1058302
1058301
1058303
1058305
1058304
1058306
1058308
1058307
1058309
1058312
1058310
1058311
1058318
1058313
1058314
1058316
1058317
1058315
1058323
1058321
1058322
1058319
1058320
1058324
1058325
1058328
1058329
1058330
1058326
1058327
1058331
1058332
1058333
1058335
1058336
1058334
1058337
1058338
1058339
1058340
1058342
1058341
1058343
1058344
1058345
1058346
1058347
1058348
1058349
1058352
1058353
1058351
1058350
1058354
1058355
1058356
1058360
1058357
1058358
1058359
1058361
1058362
1058364
1058368
1058365
1058366
1058363
1058367
1058369
1058371
1058370
1058373
1058374
1058372
1058377
1058376
1058375
1058378
1058379
1058380
1058383
1058381
1058382
1058384
1058386
1058385
1058387
1058388
1058389
1058392
1058391
1058390
1058393
1058394
1058395
1058397
1058398
1058399
1058396
1058401
1058400
1058403
1058402
1058404
1058405
1058408
1058407
1058406
1058409
1058410
1058412
1058411
1058417
1058418
1058414
1058415
1058413
1058416
1058419
1058420
1058424
1058422
1058423
1058421
1058425
1058428
1058427
1058426
1058429
1058430
1058431
1058433
1058435
1058434
1058432
1058437
1058436
1058438
1058439
1058441
1058440
1058442
1058443
1058444
1058445
1058446
1058448
1058447
1058450
1058449
1058452
1058451
1058453
1058454
1058455
1058456
1058458
1058457
1058460
1058459
1058461
1058462
1058467
1058468
1058464
1058466
1058465
1058463
1058474
1058470
1058469
1058471
1058472
1058473
1058475
1058478
1058477
1058479
1058476
1058480
1058481
1058486
1058485
1058483
1058482
1058484
1058488
1058487
1058490
1058489
1058491
1058492
1058495
1058496
1058493
1058497
1058498
1058494
1058500
1058499
1058503
1058502
1058501
1058504
1058508
1058505
1058506
1058507
1058509
1058510
1058511
1058512
1058515
1058516
1058513
1058514
1058518
1058517
1058519
1058521
1058520
1058523
1058522
1058524
1058525
1058527
1058526
1058532
1058533
1058528
1058535
1058534
1058536
1058530
1058531
1058538
1058537
1058539
1058540
1058541
1058529
1058543
1058545
1058544
1058542
1058547
1058546
1058548
1058550
1058551
1058549
1058553
1058552
1058554
1058555
1058556
1058557
1058558
1058559
1058562
1058560
1058561
1058565
1058568
1058566
1058564
1058563
1058567
1058569
1058572
1058573
1058570
1058571
1058574
1058576
1058575
1058577
1058579
1058578
1058580
1058582
1058581
1058585
1058583
1058584
1058586
1058588
1058587
1058590
1058592
1058589
1058591
1058593
1058594
1058595
1058596
1058599
1058598
1058597
1058600
1058601
1058604
1058603
1058602
1058605
1058606
1058609
1058608
1058607
1058610
1058611
1058612
1058616
1058617
1058613
1058618
1058615
1058614
1058619
1058623
1058620
1058621
1058622
1058624
1058627
1058628
1058626
1058630
1058629
1058625
1058631
1058632
1058635
1058633
1058634
1058636
1058637
1058638
1058642
1058640
1058639
1058641
1058643
1058644
1058648
1058645
1058647
1058646
1058649
1058650
1058653
1058651
1058652
1058654
1058655
1058656
1058658
1058657
1058659
1058660
1058662
1058661
1058664
1058669
1058670
1058671
1058667
1058668
1058666
1058672
1058665
1058663
1058674
1058676
1058675
1058673
1058677
1058678
1058679
1058682
1058681
1058680
1058683
1058684
1058685
1058687
1058688
1058686
1058689
1058690
1058691
1058694
1058693
1058692
1058695
1058696
1058697
1058698
1058699
1058700
1058703
1058701
1058702
1058704
1058706
1058705
1058708
1058707
1058709
1058711
1058710
1058712
1058715
1058717
1058713
1058718
1058716
1058714
1058721
1058719
1058722
1058723
1058724
1058720
1058728
1058725
1058729
1058726
1058727
1058730
1058731
1058732
1058734
1058735
1058733
1058736
1058737
1058738
1058741
1058739
1058740
1058742
1058743
1058745
1058746
1058747
1058744
1058748
1058749
1058751
1058752
1058750
1058753
1058754
1058755
1058756
1058757
1058758
1058759
1058760
1058761
1058762
1058765
1058766
1058767
1058763
1058764
1058768
1058769
1058771
1058774
1058772
1058773
1058770
1058775
1058778
1058776
1058780
1058777
1058779
1058781
1058783
1058785
1058786
1058784
1058782
1058787
1058791
1058790
1058788
1058793
1058789
1058792
1058794
1058795
1058796
1058799
1058797
1058798
1058800
1058805
1058802
1058803
1058804
1058801
1058806
1058810
1058808
1058809
1058811
1058807
1058812
1058813
1058818
1058814
1058816
1058815
1058817
1058819
1058820
1058822
1058821
1058823
1058824
1058826
1058825
1058827
1058829
1058828
1058830
1058832
1058831
1058833
1058835
1058836
1058834
1058839
1058837
1058838
1058842
1058840
1058841
1058845
1058844
1058843
1058846
1058847
1058848
1058849
1058850
1058852
1058851
1058854
1058853
1058855
1058856
1058858
1058857
1058859
1058860
1058861
1058862
1058863
1058866
1058865
1058868
1058867
1058864
1058869
1058870
1058872
1058873
1058871
1058874
1058876
1058875
1058880
1058877
1058879
1058878
1058883
1058884
1058886
1058885
1058882
1058888
1058887
1058889
1058890
1058891
1058892
1058893
1058894
1058895
1058881
1058896
1058897
1058898
1058899
1058900
1058901
1058902
1058903
1058905
1058904
1058906
1058907
1058908
1058909
1058911
1058910
1058912
1058914
1058916
1058918
1058913
1058915
1058917
1058919
1058920
1058921
1058924
1058923
1058922
1058925
1058926
1058929
1058928
1058927
1058930
1058931
1058932
1058934
1058935
1058933
1058936
1058937
1058940
1058938
1058939
1058943
1058942
1058941
1058945
1058944
1058946
1058947
1058949
1058948
1058951
1058954
1058950
1058953
1058952
1058955
1058958
1058959
1058956
1058957
1058960
1058961
1058962
1058966
1058965
1058963
1058968
1058967
1058964
1058969
1058972
1058970
1058973
1058971
1058974
1058975
1058978
1058977
1058979
1058976
1058980
1058982
1058983
1058981
1058984
1058985
1058986
1058988
1058987
1058989
1058990
1058991
1058992
1058996
1058995
1058993
1058994
1058997
1058998
1058999
1059003
1059002
1059000
1059001
1059004
1059009
1059006
1059007
1059005
1059008
1059010
1059011
1059012
1059014
1059016
1059017
1059018
1059015
1059013
1059021
1059024
1059019
1059023
1059020
1059022
1059026
1059025
1059028
1059030
1059027
1059029
1059031
1059033
1059032
1059034
1059035
1059036
1059037
1059038
1059041
1059039
1059040
1059042
1059044
1059043
1059046
1059045
1059047
1059048
1059049
1059050
1059051
1059052
1059053
1059055
1059054
1059056
1059057
1059058
1059059
1059060
1059061
1059062
1059066
1059067
1059063
1059069
1059064
1059065
1059070
1059068
1059071
1059074
1059072
1059075
1059073
1059076
1059077
1059078
1059079
1059082
1059080
1059081
1059083
1059086
1059085
1059084
1059087
1059088
1059089
1059090
1059092
1059091
1059093
1059094
1059095
1059100
1059096
1059099
1059098
1059097
1059103
1059101
1059104
1059102
1059106
1059105
1059107
1059110
1059108
1059109
1059112
1059111
1059116
1059113
1059117
1059118
1059115
1059114
1059120
1059119
1059121
1059122
1059123
1059124
1059126
1059127
1059125
1059129
1059128
1059130
1059132
1059131
1059133
1059134
1059135
1059136
1059137
1059139
1059138
1059141
1059142
1059140
1059146
1059143
1059147
1059148
1059145
1059144
1059152
1059153
1059149
1059150
1059154
1059151
1059155
1059160
1059158
1059156
1059157
1059161
1059159
1059162
1059165
1059166
1059167
1059164
1059168
1059163
1059170
1059171
1059169
1059173
1059174
1059172
1059177
1059175
1059176
1059178
1059180
1059179
1059181
1059184
1059183
1059182
1059185
1059186
1059187
1059188
1059189
1059190
1059192
1059191
1059193
1059195
1059194
1059196
1059197
1059198
1059199
1059200
1059201
1059202
1059203
1059204
1059205
1059206
1059207
1059208
1059209
1059211
1059210
1059212
1059213
1059218
1059214
1059216
1059217
1059215
1059219
1059220
1059221
1059223
1059224
1059222
1059225
1059226
1059227
1059229
1059228
1059231
1059230
1059233
1059232
1059234
1059235
1059236
1059237
1059239
1059238
1059240
1059241
1059243
1059242
1059244
1059245
1059246
1059248
1059247
1059249
1059250
1059251
1059253
1059252
1059254
1059255
1059256
1059257
1059258
1059259
1059261
1059260
1059262
1059265
1059263
1059268
1059266
1059264
1059267
1059269
1059274
1059271
1059270
1059272
1059273
1059277
1059275
1059276
1059278
1059279
1059280
1059281
1059283
1059282
1059284
1059285
1059286
1059287
1059288
1059289
1059291
1059290
1059292
1059294
1059293
1059295
1059297
1059296
1059298
1059300
1059299
1059303
1059301
1059302
1059304
1059305
1059306
1059308
1059307
1059310
1059309
1059311
1059312
1059313
1059316
1059315
1059314
1059317
1059320
1059318
1059319
1059321
1059324
1059322
1059323
1059326
1059325
1059327
1059329
1059332
1059330
1059331
1059328
1059333
1059334
1059335
1059337
1059338
1059336
1059339
1059343
1059342
1059341
1059344
1059340
1059345
1059349
1059348
1059346
1059347
1059350
1059351
1059352
1059353
1059356
1059355
1059354
1059357
1059358
1059359
1059362
1059361
1059360
1059363
1059367
1059365
1059366
1059364
1059368
1059369
1059371
1059374
1059372
1059370
1059373
1059375
1059379
1059376
1059377
1059378
1059380
1059381
1059382
1059383
1059384
1059386
1059385
1059387
1059388
1059389
1059391
1059392
1059390
1059393
1059394
1059397
1059398
1059396
1059395
1059400
1059399
1059404
1059402
1059403
1059401
1059406
1059405
1059408
1059407
1059409
1059410
1059411
1059412
1059413
1059417
1059418
1059415
1059416
1059414
1059420
1059419
1059421
1059423
1059422
1059424
1059425
1059426
1059428
1059427
1059429
1059430
1059431
1059432
1059435
1059434
1059436
1059433
1059437
1059438
1059439
1059442
1059440
1059441
1059443
1059444
1059447
1059445
1059448
1059446
1059449
1059450
1059451
1059454
1059452
1059453
1059455
1059456
1059457
1059459
1059458
1059460
1059461
1059462
1059465
1059464
1059463
1059468
1059466
1059467
1059474
1059469
1059472
1059470
1059471
1059473
1059475
1059477
1059480
1059478
1059479
1059476
1059481
1059482
1059483
1059484
1059486
1059485
1059487
1059488
1059491
1059489
1059492
1059490
1059493
1059494
1059496
1059495
1059497
1059498
1059501
1059500
1059499
1059502
1059504
1059503
1059506
1059507
1059505
1059508
1059509
1059510
1059511
1059512
1059514
1059516
1059513
1059518
1059515
1059517
1059519
1059523
1059520
1059522
1059521
1059524
1059527
1059525
1059526
1059529
1059530
1059528
1059531
1059534
1059533
1059532
1059535
1059536
1059537
1059538
1059539
1059540
1059542
1059541
1059543
1059544
1059545
1059548
1059546
1059547
1059549
1059550
1059551
1059553
1059552
1059554
1059556
1059555
1059557
1059559
1059558
1059560
1059562
1059561
1059563
1059567
1059566
1059568
1059564
1059565
1059570
1059572
1059571
1059569
1059574
1059573
1059575
1059576
1059577
1059578
1059579
1059580
1059581
1059583
1059584
1059585
1059582
1059586
1059587
1059591
1059588
1059589
1059590
1059592
1059594
1059593
1059597
1059596
1059595
1059598
1059599
1059600
1059601
1059603
1059604
1059602
1059605
1059606
1059608
1059607
1059610
1059609
1059612
1059611
1059617
1059618
1059616
1059615
1059614
1059613
1059619
1059620
1059623
1059622
1059621
1059624
1059625
1059627
1059626
1059629
1059628
1059630
1059631
1059633
1059635
1059634
1059632
1059636
1059639
1059637
1059638
1059640
1059641
1059642
1059643
1059645
1059644
1059646
1059648
1059647
1059649
1059651
1059650
1059652
1059654
1059653
1059657
1059655
1059658
1059656
1059659
1059660
1059661
1059662
1059668
1059665
1059667
1059666
1059663
1059664
1059669
1059670
1059672
1059671
1059673
1059674
1059675
1059679
1059680
1059681
1059682
1059676
1059683
1059684
1059677
1059686
1059687
1059685
1059688
1059689
1059692
1059690
1059691
1059693
1059694
1059696
1059695
1059697
1059698
1059699
1059700
1059701
1059702
1059704
1059705
1059703
1059706
1059678
1059707
1059708
1059709
1059710
1059711
1059712
1059716
1059715
1059718
1059717
1059713
1059714
1059719
1059724
1059723
1059722
1059720
1059721
1059725
1059727
1059726
1059730
1059729
1059731
1059728
1059734
1059732
1059733
1059736
1059735
1059737
1059738
1059740
1059739
1059741
1059743
1059742
1059744
1059746
1059745
1059747
1059748
1059749
1059750
1059751
1059752
1059755
1059754
1059753
1059756
1059758
1059759
1059760
1059757
1059761
1059762
1059767
1059764
1059763
1059766
1059768
1059765
1059773
1059770
1059774
1059772
1059771
1059769
1059775
1059779
1059776
1059778
1059780
1059777
1059781
1059782
1059783
1059784
1059785
1059786
1059787
1059788
1059791
1059792
1059790
1059789
1059793
1059794
1059795
1059796
1059797
1059799
1059798
1059800
1059802
1059801
1059804
1059803
1059805
1059806
1059808
1059807
1059809
1059811
1059810
1059812
1059813
1059815
1059816
1059818
1059817
1059814
1059821
1059820
1059819
1059823
1059822
1059824
1059825
1059826
1059829
1059828
1059830
1059827
1059831
1059834
1059832
1059833
1059836
1059835
1059837
1059838
1059839
1059841
1059840
1059842
1059843
1059845
1059844
1059846
1059847
1059848
1059849
1059850
1059852
1059851
1059853
1059854
1059855
1059858
1059857
1059856
1059859
1059860
1059861
1059862
1059868
1059864
1059863
1059865
1059867
1059866
1059869
1059870
1059873
1059874
1059872
1059871
1059875
1059877
1059876
1059879
1059878
1059880
1059881
1059882
1059883
1059885
1059884
1059886
1059889
1059887
1059888
1059892
1059890
1059891
1059894
1059893
1059895
1059897
1059896
1059898
1059900
1059899
1059901
1059904
1059903
1059902
1059905
1059906
1059907
1059909
1059910
1059908
1059911
1059912
1059918
1059914
1059916
1059917
1059913
1059915
1059919
1059920
1059921
1059924
1059922
1059923
1059925
1059928
1059929
1059930
1059927
1059926
1059931
1059933
1059936
1059934
1059935
1059932
1059937
1059939
1059938
1059941
1059940
1059942
1059943
1059944
1059947
1059946
1059945
1059948
1059950
1059949
1059952
1059951
1059953
1059954
1059956
1059955
1059958
1059959
1059957
1059960
1059962
1059961
1059965
1059964
1059966
1059968
1059963
1059967
1059969
1059971
1059973
1059972
1059970
1059974
1059975
1059976
1059978
1059979
1059977
1059980
1059981
1059982
1059984
1059983
1059986
1059985
1059988
1059987
1059990
1059989
1059992
1059991
1059994
1059993
1059995
1059996
1059998
1059997
1060000
1059999
1060001
1060002
1060003
1060004
1060007
1060006
1060005
1060008
1060010
1060009
1060011
1060012
1060017
1060018
1060013
1060016
1060015
1060014
1060019
1060021
1060022
1060023
1060020
1060024
1060025
1060027
1060028
1060030
1060026
1060029
1060031
1060034
1060033
1060032
1060035
1060036
1060037
1060040
1060038
1060039
1060042
1060041
1060043
1060044
1060045
1060046
1060047
1060048
1060049
1060050
1060052
1060051
1060053
1060054
1060055
1060056
1060057
1060058
1060059
1060060
1060062
1060061
1060063
1060067
1060068
1060065
1060064
1060066
1060071
1060070
1060069
1060074
1060073
1060072
1060077
1060075
1060076
1060078
1060080
1060079
1060084
1060081
1060082
1060083
1060085
1060086
1060088
1060087
1060092
1060090
1060091
1060089
1060095
1060093
1060094
1060096
1060098
1060097
1060099
1060100
1060103
1060102
1060101
1060104
1060105
1060106
1060107
1060108
1060110
1060109
1060112
1060111
1060113
1060114
1060115
1060116
1060117
1060118
1060119
1060120
1060121
1060122
1060123
1060124
1060126
1060125
1060130
1060127
1060129
1060128
1060131
1060133
1060132
1060134
1060136
1060135
1060137
1060138
1060139
1060140
1060142
1060141
1060143
1060144
1060145
1060146
1060147
1060148
1060150
1060149
1060151
1060152
1060153
1060154
1060155
1060156
1060157
1060160
1060159
1060158
1060162
1060161
1060164
1060167
1060165
1060166
1060163
1060168
1060171
1060170
1060169
1060172
1060173
1060174
1060175
1060176
1060177
1060178
1060180
1060179
1060181
1060183
1060182
1060184
1060185
1060186
1060187
1060188
1060189
1060190
1060191
1060194
1060193
1060192
1060195
1060196
1060198
1060199
1060197
1060200
1060201
1060202
1060205
1060207
1060203
1060204
1060206
1060208
1060209
1060210
1060211
1060212
1060218
1060214
1060215
1060217
1060216
1060213
1060222
1060219
1060224
1060221
1060220
1060223
1060226
1060225
1060227
1060228
1060229
1060230
1060231
1060233
1060232
1060234
1060236
1060235
1060237
1060238
1060239
1060240
1060242
1060241
1060244
1060243
1060245
1060247
1060246
1060248
1060250
1060249
1060252
1060251
1060253
1060255
1060254
1060259
1060258
1060257
1060256
1060261
1060260
1060262
1060265
1060267
1060264
1060266
1060263
1060268
1060271
1060269
1060270
1060272
1060274
1060273
1060276
1060275
1060277
1060279
1060280
1060278
1060283
1060281
1060282
1060284
1060286
1060285
1060289
1060287
1060288
1060290
1060292
1060291
1060293
1060294
1060296
1060295
1060298
1060297
1060299
1060300
1060301
1060302
1060303
1060304
1060305
1060306
1060307
1060308
1060310
1060309
1060311
1060312
1060317
1060314
1060313
1060315
1060318
1060316
1060319
1060324
1060323
1060321
1060320
1060322
1060325
1060328
1060327
1060326
1060329
1060330
1060331
1060333
1060334
1060332
1060335
1060336
1060337
1060339
1060338
1060340
1060341
1060342
1060343
1060344
1060347
1060345
1060346
1060348
1060349
1060350
1060351
1060353
1060352
1060354
1060355
1060356
1060357
1060358
1060359
1060360
1060361
1060362
1060364
1060363
1060365
1060367
1060366
1060368
1060371
1060369
1060373
1060374
1060372
1060370
1060377
1060376
1060379
1060375
1060378
1060380
1060381
1060382
1060384
1060385
1060383
1060386
1060387
1060390
1060389
1060388
1060391
1060392
1060393
1060396
1060394
1060397
1060399
1060398
1060395
1060400
1060401
1060402
1060404
1060405
1060403
1060406
1060408
1060411
1060409
1060407
1060410
1060412
1060414
1060416
1060415
1060418
1060413
1060417
1060419
1060420
1060423
1060421
1060424
1060422
1060425
1060426
1060429
1060430
1060428
1060427
1060431
1060433
1060432
1060434
1060435
1060436
1060438
1060437
1060439
1060440
1060441
1060442
1060443
1060445
1060444
1060446
1060447
1060448
1060449
1060450
1060451
1060452
1060453
1060456
1060455
1060454
1060457
1060458
1060459
1060462
1060460
1060461
1060466
1060464
1060467
1060463
1060465
1060468
1060469
1060471
1060470
1060472
1060474
1060473
1060475
1060477
1060476
1060479
1060480
1060478
1060481
1060482
1060483
1060484
1060486
1060485
1060487
1060488
1060489
1060490
1060491
1060493
1060492
1060495
1060496
1060494
1060499
1060497
1060498
1060501
1060500
1060502
1060504
1060503
1060505
1060508
1060507
1060506
1060509
1060510
1060511
1060512
1060517
1060516
1060518
1060514
1060513
1060515
1060519
1060520
1060522
1060523
1060524
1060521
1060529
1060525
1060526
1060527
1060528
1060530
1060532
1060533
1060531
1060534
1060535
1060536
1060538
1060539
1060537
1060540
1060542
1060541
1060543
1060545
1060544
1060546
1060547
1060548
1060549
1060551
1060550
1060554
1060552
1060553
1060555
1060556
1060558
1060560
1060557
1060559
1060561
1060562
1060563
1060566
1060568
1060564
1060567
1060565
1060572
1060571
1060570
1060574
1060569
1060573
1060576
1060575
1060578
1060577
1060579
1060580
1060581
1060582
1060584
1060583
1060586
1060585
1060588
1060589
1060587
1060591
1060590
1060592
1060593
1060594
1060595
1060597
1060598
1060596
1060599
1060601
1060600
1060603
1060602
1060604
1060605
1060606
1060607
1060608
1060609
1060610
1060611
1060612
1060613
1060616
1060615
1060614
1060617
1060618
1060619
1060621
1060623
1060620
1060622
1060624
1060625
1060628
1060627
1060626
1060629
1060630
1060631
1060632
1060633
1060635
1060634
1060636
1060637
1060638
1060639
1060640
1060641
1060642
1060644
1060643
1060645
1060646
1060647
1060648
1060649
1060650
1060651
1060653
1060652
1060655
1060654
1060656
1060657
1060661
1060658
1060660
1060662
1060659
1060666
1060663
1060668
1060667
1060665
1060664
1060670
1060669
1060672
1060671
1060674
1060673
1060676
1060675
1060677
1060678
1060680
1060679
1060681
1060682
1060683
1060685
1060684
1060686
1060688
1060689
1060687
1060692
1060690
1060691
1060693
1060694
1060696
1060695
1060697
1060698
1060699
1060700
1060701
1060702
1060704
1060703
1060705
1060706
1060707
1060708
1060709
1060711
1060710
1060712
1060717
1060718
1060715
1060713
1060714
1060716
1060721
1060720
1060719
1060722
1060724
1060723
1060725
1060726
1060729
1060730
1060727
1060728
1060733
1060731
1060735
1060732
1060734
1060736
1060738
1060737
1060741
1060739
1060740
1060742
1060744
1060743
1060747
1060745
1060746
1060748
1060750
1060749
1060753
1060752
1060751
1060754
1060755
1060756
1060757
1060758
1060759
1060760
1060761
1060762
1060768
1060764
1060766
1060763
1060767
1060765
1060769
1060770
1060771
1060773
1060772
1060774
1060775
1060776
1060777
1060779
1060778
1060780
1060781
1060782
1060783
1060785
1060786
1060784
1060787
1060788
1060790
1060789
1060791
1060792
1060793
1060796
1060794
1060795
1060797
1060798
1060799
1060801
1060800
1060802
1060803
1060804
1060805
1060806
1060807
1060808
1060809
1060810
1060812
1060811
1060816
1060815
1060813
1060818
1060814
1060817
1060823
1060820
1060819
1060821
1060822
1060824
1060825
1060829
1060828
1060830
1060826
1060827
1060831
1060832
1060836
1060835
1060834
1060833
1060837
1060839
1060840
1060838
1060842
1060841
1060843
1060847
1060849
1060844
1060846
1060848
1060845
1060850
1060853
1060852
1060854
1060851
1060855
1060856
1060858
1060859
1060857
1060860
1060861
1060862
1060866
1060865
1060864
1060863
1060867
1060868
1060869
1060870
1060871
1060874
1060873
1060872
1060876
1060878
1060875
1060879
1060877
1060880
1060881
1060882
1060885
1060884
1060883
1060886
1060887
1060890
1060889
1060888
1060891
1060893
1060892
1060894
1060895
1060897
1060896
1060898
1060899
1060900
1060901
1060902
1060905
1060904
1060903
1060906
1060907
1060908
1060910
1060909
1060911
1060912
1060914
1060913
1060917
1060918
1060915
1060916
1060919
1060921
1060922
1060924
1060920
1060923
1060925
1060926
1060928
1060929
1060927
1060930
1060931
1060932
1060933
1060934
1060935
1060936
1060937
1060938
1060942
1060939
1060940
1060941
1060943
1060944
1060946
1060945
1060949
1060947
1060948
1060950
1060951
1060952
1060955
1060953
1060954
1060956
1060961
1060957
1060960
1060958
1060959
1060962
1060967
1060963
1060966
1060964
1060965
1060968
1060969
1060971
1060973
1060972
1060970
1060974
1060975
1060980
1060976
1060979
1060978
1060977
1060981
1060982
1060986
1060984
1060985
1060983
1060987
1060988
1060989
1060990
1060991
1060992
1060993
1060994
1060995
1060996
1060998
1060999
1061000
1060997
1061001
1061002
1061003
1061006
1061005
1061004
1061008
1061007
1061011
1061012
1061010
1061009
1061015
1061018
1061016
1061013
1061014
1061017
1061021
1061020
1061019
1061022
1061023
1061024
1061027
1061026
1061025
1061029
1061028
1061030
1061032
1061031
1061033
1061035
1061036
1061034
1061037
1061039
1061038
1061041
1061040
1061042
1061043
1061044
1061046
1061049
1061045
1061047
1061048
1061051
1061050
1061052
1061054
1061055
1061053
1061056
1061059
1061057
1061060
1061058
1061061
1061062
1061068
1061065
1061067
1061064
1061063
1061066
1061070
1061069
1061071
1061072
1061073
1061074
1061075
1061076
1061077
1061080
1061078
1061079
1061081
1061083
1061082
1061084
1061085
1061086
1061087
1061088
1061090
1061089
1061091
1061093
1061092
1061095
1061094
1061096
1061097
1061098
1061099
1061100
1061101
1061102
1061103
1061104
1061105
1061107
1061106
1061108
1061109
1061110
1061111
1061112
1061116
1061113
1061115
1061118
1061114
1061117
1061121
1061120
1061123
1061119
1061124
1061122
1061125
1061127
1061128
1061126
1061130
1061129
1061131
1061134
1061132
1061133
1061135
1061136
1061137
1061138
1061139
1061140
1061141
1061142
1061143
1061144
1061145
1061147
1061146
1061148
1061149
1061150
1061154
1061151
1061153
1061152
1061155
1061156
1061157
1061158
1061159
1061161
1061160
1061162
1061165
1061167
1061166
1061168
1061164
1061163
1061169
1061174
1061172
1061173
1061170
1061171
1061175
1061176
1061177
1061180
1061179
1061178
1061181
1061182
1061183
1061186
1061184
1061185
1061187
1061188
1061189
1061191
1061192
1061190
1061193
1061194
1061195
1061197
1061196
1061199
1061198
1061201
1061200
1061202
1061204
1061205
1061203
1061207
1061209
1061206
1061208
1061210
1061211
1061212
1061216
1061217
1061214
1061215
1061218
1061213
1061222
1061219
1061220
1061221
1061223
1061224
1061225
1061226
1061227
1061230
1061228
1061229
1061231
1061233
1061232
1061235
1061236
1061234
1061237
1061238
1061242
1061241
1061239
1061240
1061243
1061245
1061247
1061246
1061244
1061248
1061250
1061249
1061251
1061253
1061252
1061254
1061255
1061256
1061257
1061259
1061258
1061260
1061261
1061262
1061265
1061263
1061267
1061266
1061264
1061268
1061269
1061270
1061271
1061272
1061273
1061274
1061275
1061276
1061277
1061279
1061280
1061278
1061281
1061282
1061283
1061286
1061285
1061284
1061288
1061289
1061287
1061291
1061290
1061292
1061293
1061297
1061296
1061295
1061294
1061298
1061299
1061303
1061301
1061300
1061302
1061304
1061305
1061306
1061307
1061309
1061308
1061310
1061311
1061312
1061318
1061313
1061315
1061316
1061317
1061314
1061321
1061320
1061319
1061323
1061324
1061322
1061325
1061327
1061326
1061330
1061329
1061328
1061331
1061332
1061333
1061335
1061334
1061336
1061338
1061337
1061340
1061342
1061341
1061339
1061343
1061344
1061347
1061345
1061348
1061346
1061349
1061350
1061353
1061354
1061352
1061351
1061355
1061356
1061357
1061359
1061358
1061360
1061361
1061362
1061364
1061365
1061366
1061368
1061367
1061363
1061369
1061372
1061371
1061373
1061374
1061370
1061375
1061379
1061376
1061377
1061378
1061380
1061381
1061384
1061383
1061382
1061385
1061386
1061387
1061388
1061389
1061390
1061392
1061391
1061395
1061393
1061394
1061396
1061397
1061398
1061399
1061401
1061400
1061403
1061402
1061404
1061406
1061405
1061407
1061408
1061409
1061410
1061412
1061411
1061413
1061415
1061414
1061417
1061416
1061418
1061419
1061420
1061421
1061424
1061423
1061422
1061425
1061426
1061429
1061430
1061428
1061427
1061431
1061435
1061433
1061432
1061434
1061436
1061441
1061437
1061438
1061439
1061440
1061442
1061444
1061447
1061446
1061443
1061445
1061448
1061449
1061450
1061451
1061453
1061452
1061454
1061455
1061456
1061457
1061459
1061458
1061461
1061460
1061462
1061466
1061463
1061467
1061464
1061465
1061468
1061469
1061474
1061471
1061470
1061472
1061473
1061475
1061478
1061479
1061476
1061477
1061480
1061482
1061481
1061483
1061486
1061485
1061484
1061487
1061488
1061492
1061490
1061491
1061489
1061493
1061494
1061495
1061496
1061498
1061497
1061499
1061500
1061501
1061503
1061502
1061504
1061506
1061505
1061507
1061510
1061509
1061508
1061512
1061511
1061518
1061517
1061516
1061515
1061514
1061513
1061519
1061521
1061524
1061523
1061522
1061520
1061525
1061529
1061526
1061528
1061530
1061527
1061531
1061535
1061532
1061534
1061536
1061533
1061537
1061538
1061539
1061542
1061541
1061540
1061545
1061543
1061544
1061547
1061546
1061548
1061549
1061552
1061550
1061551
1061553
1061554
1061555
1061557
1061556
1061558
1061559
1061560
1061561
1061562
1061564
1061567
1061563
1061565
1061568
1061566
1061569
1061572
1061571
1061574
1061570
1061573
1061576
1061575
1061578
1061579
1061580
1061577
1061582
1061581
1061586
1061583
1061584
1061585
1061588
1061587
1061589
1061590
1061592
1061591
1061593
1061594
1061595
1061597
1061596
1061598
1061599
1061600
1061601
1061603
1061602
1061605
1061604
1061606
1061607
1061611
1061610
1061609
1061608
1061612
1061615
1061618
1061616
1061614
1061617
1061613
1061620
1061622
1061619
1061621
1061623
1061624
1061625
1061627
1061630
1061626
1061629
1061628
1061633
1061631
1061632
1061635
1061634
1061636
1061638
1061642
1061637
1061639
1061640
1061641
1061645
1061644
1061643
1061648
1061646
1061647
1061650
1061649
1061651
1061653
1061652
1061654
1061655
1061657
1061656
1061658
1061659
1061660
1061661
1061662
1061664
1061667
1061663
1061665
1061668
1061666
1061669
1061670
1061671
1061672
1061673
1061674
1061675
1061676
1061677
1061678
1061679
1061680
1061681
1061682
1061683
1061686
1061685
1061684
1061687
1061688
1061690
1061691
1061689
1061692
1061693
1061694
1061695
1061697
1061696
1061698
1061699
1061700
1061701
1061704
1061703
1061702
1061705
1061706
1061709
1061710
1061707
1061708
1061712
1061711
1061714
1061717
1061713
1061718
1061715
1061716
1061719
1061723
1061721
1061720
1061722
1061724
1061725
1061726
1061730
1061728
1061727
1061729
1061731
1061732
1061735
1061734
1061733
1061736
1061737
1061739
1061741
1061738
1061740
1061742
1061743
1061746
1061745
1061747
1061744
1061748
1061749
1061750
1061751
1061752
1061753
1061754
1061755
1061756
1061757
1061759
1061760
1061758
1061761
1061762
1061764
1061767
1061763
1061765
1061768
1061766
1061770
1061769
1061774
1061771
1061772
1061773
1061775
1061776
1061777
1061778
1061780
1061779
1061781
1061782
1061784
1061783
1061785
1061786
1061789
1061787
1061788
1061792
1061791
1061790
1061794
1061793
1061795
1061798
1061797
1061796
1061799
1061801
1061800
1061804
1061802
1061803
1061805
1061806
1061807
1061810
1061811
1061809
1061808
1061812
1061814
1061813
1061815
1061818
1061816
1061817
1061819
1061820
1061822
1061821
1061824
1061823
1061825
1061826
1061827
1061828
1061830
1061829
1061831
1061832
1061834
1061836
1061833
1061835
1061837
1061838
1061841
1061842
1061840
1061839
1061843
1061844
1061845
1061846
1061847
1061848
1061850
1061849
1061852
1061851
1061855
1061854
1061853
1061856
1061857
1061858
1061859
1061860
1061861
1061862
1061864
1061865
1061863
1061866
1061868
1061867
1061869
1061871
1061870
1061874
1061873
1061872
1061876
1061875
1061880
1061878
1061877
1061879
1061882
1061881
1061883
1061885
1061886
1061884
1061887
1061888
1061890
1061889
1061891
1061892
1061894
1061893
1061895
1061896
1061897
1061898
1061899
1061900
1061903
1061904
1061902
1061901
1061905
1061906
1061908
1061907
1061909
1061910
1061911
1061912
1061918
1061915
1061914
1061913
1061916
1061917
1061920
1061919
1061921
1061922
1061923
1061924
1061925
1061926
1061927
1061929
1061930
1061928
1061932
1061931
1061933
1061934
1061935
1061936
1061938
1061937
1061939
1061940
1061941
1061942
1061944
1061943
1061945
1061947
1061946
1061950
1061949
1061948
1061951
1061954
1061953
1061952
1061955
1061956
1061957
1061958
1061959
1061960
1061961
1061962
1061964
1061966
1061967
1061965
1061963
1061968
1061969
1061970
1061971
1061972
1061973
1061974
1061975
1061976
1061978
1061979
1061977
1061980
1061981
1061982
1061983
1061986
1061984
1061987
1061985
1061988
1061989
1061990
1061991
1061992
1061993
1061994
1061996
1061997
1061995
1061999
1061998
1062002
1062001
1062000
1062004
1062003
1062005
1062007
1062008
1062006
1062011
1062010
1062009
1062012
1062016
1062015
1062013
1062018
1062017
1062014
1062019
1062020
1062021
1062022
1062023
1062024
1062025
1062027
1062026
1062028
1062029
1062030
1062031
1062032
1062033
1062035
1062034
1062036
1062038
1062037
1062039
1062041
1062040
1062042
1062043
1062044
1062045
1062046
1062047
1062048
1062050
1062049
1062052
1062054
1062051
1062053
1062055
1062056
1062057
1062060
1062058
1062059
1062061
1062062
1062064
1062066
1062063
1062065
1062068
1062067
1062069
1062074
1062072
1062071
1062070
1062073
1062075
1062079
1062077
1062076
1062078
1062080
1062081
1062083
1062082
1062084
1062085
1062086
1062087
1062088
1062089
1062090
1062091
1062092
1062093
1062095
1062094
1062098
1062097
1062096
1062099
1062100
1062102
1062103
1062104
1062101
1062105
1062107
1062106
1062108
1062109
1062111
1062110
1062112
1062117
1062115
1062113
1062118
1062116
1062114
1062119
1062120
1062121
1062122
1062124
1062123
